id,total_post,window_post,if_exclude,author_created_utc,Is_Mod,Comment_Karma,Link_Karma,window_start,window_end,matched_srdd
1,477,521,0,11/09/2019 06:42,False,4505,865,03/06/2021 03:50,03/06/2023 03:50,srdd_1
2,910,369,0,23/10/2019 22:26,False,1561,11363,01/01/2019 00:00,11/07/2020 18:19,srdd_2
3,257,222,0,06/01/2019 13:27,False,1253,1238,12/06/2022 20:27,31/12/2023 00:00,srdd_3
4,858,1190,0,15/03/2020 02:37,False,1982,9768,01/12/2021 00:08,01/12/2023 00:08,srdd_4
5,120,265,0,15/11/2019 04:26,False,-39,18,01/01/2019 00:00,07/11/2020 17:45,srdd_5
6,1842,1749,0,05/03/2017 05:57,False,8765,3441,14/02/2020 12:44,13/02/2022 12:44,srdd_6
7,1032,307,0,26/12/2018 16:09,False,13370,494,26/02/2022 22:46,31/12/2023 00:00,srdd_7
8,1349,84,0,17/01/2015 18:05,True,5507,9320,01/01/2019 00:00,26/12/2020 13:23,srdd_8
9,265,12,0,16/03/2021 03:34,False,2356,2377,10/05/2022 00:54,31/12/2023 00:00,srdd_9
10,387,0,1,03/07/2018 17:20,False,1395,9709,20/08/2022 20:01,31/12/2023 00:00,srdd_10
11,223,80,0,07/02/2018 07:39,True,246,2936,01/01/2019 00:00,05/12/2020 18:43,srdd_11
12,406,306,0,05/10/2019 10:53,True,3316,512,01/01/2019 00:00,08/01/2020 04:57,srdd_12
13,505,649,0,28/02/2018 04:36,False,987,2321,22/02/2020 08:50,21/02/2022 08:50,srdd_13
14,189,128,0,04/06/2019 22:09,False,458,3540,04/06/2019 13:08,03/06/2021 13:08,srdd_14
15,986,604,0,29/07/2017 10:19,False,5501,1419,05/01/2019 23:29,04/01/2021 23:29,srdd_15
16,772,43,0,20/05/2015 12:47,False,5294,560,01/01/2019 00:00,17/03/2020 21:20,srdd_16
17,446,511,1,04/01/2019 21:20,False,1378,17409,01/01/2019 00:00,08/04/2020 01:47,srdd_17
18,340,189,0,27/10/2021 09:33,True,1139,463,05/06/2022 21:06,31/12/2023 00:00,srdd_18
19,1271,286,0,06/10/2020 00:40,False,10522,3094,10/07/2022 20:31,31/12/2023 00:00,srdd_19
20,121,79,0,17/07/2021 10:11,False,412,29,05/02/2022 00:35,31/12/2023 00:00,srdd_20
21,138,136,0,25/07/2020 22:37,True,138,1056,10/01/2020 23:37,09/01/2022 23:37,srdd_21
22,265,98,0,04/02/2019 00:31,False,2932,5254,01/01/2019 00:00,05/04/2020 20:18,srdd_22
23,629,183,0,21/12/2020 22:26,False,1176,6501,09/03/2021 15:35,09/03/2023 15:35,srdd_23
24,299,200,0,12/06/2020 08:44,False,1220,527,03/07/2022 19:53,31/12/2023 00:00,srdd_24
25,286,426,0,09/02/2019 03:27,False,1051,900,21/04/2019 01:43,20/04/2021 01:43,srdd_25
26,187,185,0,18/06/2021 09:34,False,1048,9517,22/09/2020 18:49,22/09/2022 18:49,srdd_26
27,289,40,0,17/12/2017 05:02,False,1336,15038,01/01/2019 00:00,21/06/2020 22:24,srdd_27
28,409,226,0,12/07/2020 06:51,False,281,888,22/05/2021 02:33,22/05/2023 02:33,srdd_28
29,157,21,1,02/11/2021 23:32,True,433,801,19/11/2022 03:48,31/12/2023 00:00,srdd_29
30,481,323,0,15/08/2020 18:37,False,1507,752,24/09/2019 02:22,23/09/2021 02:22,srdd_30
31,1163,778,0,20/01/2018 20:57,True,4642,23891,01/01/2019 00:00,12/11/2020 21:09,srdd_31
32,2723,675,0,18/06/2019 19:00,False,36249,33973,01/01/2019 00:00,08/05/2020 06:21,srdd_32
33,421,170,0,04/11/2018 19:33,False,4031,978,28/07/2019 21:54,27/07/2021 21:54,srdd_33
34,266,166,0,29/09/2021 03:34,True,1402,509,16/08/2021 13:04,16/08/2023 13:04,srdd_34
35,727,803,0,05/02/2019 22:07,False,3714,2172,01/01/2019 00:00,26/08/2020 00:22,srdd_35
36,1033,1239,1,28/11/2019 21:16,True,4089,8681,01/01/2019 00:00,11/07/2020 01:26,srdd_36
37,872,408,0,07/02/2019 16:24,False,6701,3165,01/01/2019 00:00,27/09/2020 04:55,srdd_37
38,184,191,0,07/12/2020 13:21,False,759,1747,25/04/2020 01:59,25/04/2022 01:59,srdd_38
39,373,645,0,26/07/2019 04:05,False,1644,2591,01/01/2019 00:00,23/10/2020 11:31,srdd_39
40,249,428,0,15/11/2021 01:44,False,198,1,14/04/2021 12:51,14/04/2023 12:51,srdd_40
41,1934,2811,0,08/05/2020 05:26,True,10556,522,29/03/2020 04:20,29/03/2022 04:20,srdd_41
42,692,312,0,27/04/2016 15:31,False,4775,390,14/01/2020 00:08,13/01/2022 00:08,srdd_42
43,269,95,0,09/01/2020 21:29,False,712,4675,26/08/2022 12:22,31/12/2023 00:00,srdd_43
44,224,45,0,08/05/2021 15:23,False,424,158,21/12/2021 04:12,21/12/2023 04:12,srdd_44
45,205,105,0,24/10/2021 04:51,False,1083,447,13/01/2021 15:31,13/01/2023 15:31,srdd_45
46,1028,1723,0,20/02/2020 20:53,True,9005,13008,20/10/2019 06:06,19/10/2021 06:06,srdd_46
47,131,197,0,29/08/2019 23:52,False,291,295,22/03/2019 16:40,21/03/2021 16:40,srdd_47
49,236,311,0,19/02/2021 13:26,False,92,417,19/03/2022 19:21,31/12/2023 00:00,srdd_48
50,4170,147,0,19/05/2017 21:02,False,22813,12954,01/01/2019 00:00,31/03/2020 18:00,srdd_49
51,384,311,0,02/04/2019 15:01,False,2399,5890,27/01/2019 06:07,26/01/2021 06:07,srdd_50
52,651,130,0,09/09/2015 19:57,True,11701,9285,01/01/2019 00:00,15/07/2020 07:04,srdd_51
53,1309,749,0,18/02/2020 22:47,True,3680,14603,08/11/2020 16:56,08/11/2022 16:56,srdd_52
54,448,18,0,18/03/2019 21:13,False,1793,303,01/01/2019 00:00,03/09/2020 20:23,srdd_53
56,3777,1175,0,21/08/2019 18:31,True,6118,9476,16/03/2021 16:44,16/03/2023 16:44,srdd_54
57,322,39,0,20/07/2018 05:19,False,1159,142,01/01/2019 00:00,07/03/2020 09:42,srdd_55
58,571,197,0,26/03/2019 01:55,True,1023,2211,12/07/2022 06:33,31/12/2023 00:00,srdd_56
59,149,59,0,02/06/2020 05:22,False,719,2030,18/11/2019 11:01,17/11/2021 11:01,srdd_57
60,214,10,0,08/11/2014 20:24,False,3128,1030,01/01/2019 00:00,05/07/2020 12:21,srdd_58
61,368,180,0,20/05/2016 08:54,False,1837,1855,19/01/2020 05:28,18/01/2022 05:28,srdd_59
62,558,48,0,26/02/2019 19:32,False,1394,712,01/01/2019 00:00,06/12/2020 21:39,srdd_60
63,130,34,0,28/12/2020 21:00,False,1911,911,05/05/2020 17:03,05/05/2022 17:03,srdd_61
64,366,323,0,16/01/2021 14:28,True,527,898,27/01/2021 02:21,27/01/2023 02:21,srdd_62
65,326,581,0,17/09/2020 20:28,False,830,923,13/10/2022 05:55,31/12/2023 00:00,srdd_63
66,199,113,0,17/04/2021 18:27,False,979,35,26/03/2022 19:11,31/12/2023 00:00,srdd_64
67,553,551,0,05/03/2020 12:00,False,402,263,01/01/2020 06:48,31/12/2021 06:48,srdd_65
68,1320,1146,0,18/01/2018 19:28,False,5635,1262,24/03/2020 20:16,24/03/2022 20:16,srdd_66
69,113,109,0,19/10/2021 20:07,False,927,1244,10/02/2021 22:02,10/02/2023 22:02,srdd_67
70,1866,731,0,24/12/2019 12:12,False,6992,8480,21/12/2020 18:29,21/12/2022 18:29,srdd_68
71,138,27,0,28/12/2020 08:43,False,230,181,22/08/2022 09:24,31/12/2023 00:00,srdd_69
72,961,205,0,01/07/2019 03:14,False,20148,1345,04/07/2020 09:42,04/07/2022 09:42,srdd_70
73,305,222,0,14/08/2020 09:46,False,1177,338,02/09/2019 17:50,01/09/2021 17:50,srdd_71
74,427,166,0,29/07/2020 20:58,False,3000,3266,25/03/2020 23:02,25/03/2022 23:02,srdd_72
75,141,202,0,19/01/2019 20:37,False,713,145,17/08/2020 20:39,17/08/2022 20:39,srdd_73
76,1842,599,0,10/03/2021 15:13,False,11564,2662,08/05/2022 04:34,31/12/2023 00:00,srdd_74
77,2135,17,0,19/10/2017 19:44,True,2110,7434,31/05/2020 14:53,31/05/2022 14:53,srdd_75
78,1115,247,0,17/06/2018 23:58,False,2616,113,01/01/2019 00:00,20/06/2020 21:15,srdd_76
79,816,665,0,22/07/2020 10:16,False,4920,6306,26/10/2022 01:07,31/12/2023 00:00,srdd_77
80,200,66,0,28/11/2019 06:28,False,461,1236,03/08/2019 22:19,02/08/2021 22:19,srdd_78
81,309,318,0,13/01/2018 00:04,False,1215,2058,02/07/2021 09:57,02/07/2023 09:57,srdd_79
82,401,366,0,15/05/2020 10:26,False,364,3107,07/05/2020 17:37,07/05/2022 17:37,srdd_80
83,142,69,0,27/02/2019 11:18,False,96,297,01/01/2019 00:00,02/07/2020 05:21,srdd_81
84,1083,517,0,20/02/2021 09:49,False,24485,4471,03/01/2020 08:20,02/01/2022 08:20,srdd_82
85,730,373,0,03/03/2021 12:06,False,3672,60,28/12/2021 22:04,28/12/2023 22:04,srdd_83
86,173,199,0,21/10/2020 08:39,False,346,428,10/06/2022 03:24,31/12/2023 00:00,srdd_84
87,145,38,0,13/05/2013 02:07,False,8915,1612,01/01/2019 00:00,19/06/2020 20:22,srdd_85
88,149,137,0,04/12/2019 22:42,False,544,224,24/06/2020 14:33,24/06/2022 14:33,srdd_86
89,2809,1139,0,13/11/2018 22:54,False,17494,3015,05/12/2019 08:06,04/12/2021 08:06,srdd_87
90,246,246,0,18/09/2017 00:20,False,12421,116,01/01/2019 00:00,30/08/2020 06:58,srdd_88
91,967,922,0,24/08/2017 05:52,False,2954,315,22/11/2019 12:03,21/11/2021 12:03,srdd_89
92,319,44,0,02/04/2020 11:57,False,460,498,27/05/2019 05:33,26/05/2021 05:33,srdd_90
93,246,27,0,26/07/2016 02:01,False,6372,13471,01/01/2019 00:00,18/03/2020 22:03,srdd_91
94,1095,398,0,30/01/2020 14:33,True,8345,1540,28/02/2019 02:37,27/02/2021 02:37,srdd_92
95,924,230,0,02/09/2020 18:20,False,4065,10308,14/04/2019 03:27,13/04/2021 03:27,srdd_93
96,158,75,0,19/01/2018 19:38,False,319,60,03/02/2020 01:48,02/02/2022 01:48,srdd_94
97,764,1471,0,29/01/2019 01:26,False,2519,505,01/01/2019 00:00,30/07/2020 17:43,srdd_95
98,107,34,0,15/01/2014 15:36,False,1547,12,14/03/2022 18:52,31/12/2023 00:00,srdd_96
99,2815,1484,0,13/07/2020 12:17,False,24582,35258,28/05/2021 07:27,28/05/2023 07:27,srdd_97
100,210,210,0,02/12/2021 13:31,False,1549,1445,02/08/2022 21:22,31/12/2023 00:00,srdd_98
101,2809,1139,0,13/11/2018 22:54,False,17494,3015,01/10/2020 03:51,01/10/2022 03:51,srdd_99
102,102,13,0,29/03/2018 08:24,False,121,671,01/01/2019 00:00,04/09/2020 20:39,srdd_100
103,108,110,1,02/02/2020 02:50,False,865,18,27/10/2019 19:09,26/10/2021 19:09,srdd_101
104,869,517,0,26/12/2018 08:17,True,4209,32670,04/10/2019 21:23,03/10/2021 21:23,srdd_102
105,755,80,0,07/04/2018 21:32,False,10300,698,01/01/2019 00:00,03/04/2020 20:45,srdd_103
106,121,95,0,04/03/2021 23:24,False,43,1008,09/04/2020 19:08,09/04/2022 19:08,srdd_104
107,113,0,1,11/02/2021 10:01,False,804,102,23/08/2022 16:01,31/12/2023 00:00,srdd_105
108,472,144,0,13/08/2019 22:53,True,12650,14465,19/11/2020 20:28,19/11/2022 20:28,srdd_106
109,789,403,0,19/05/2016 08:30,False,1468,1761,01/01/2019 00:00,17/10/2020 05:43,srdd_107
110,147,134,0,14/11/2020 16:43,False,5916,1,09/04/2021 19:07,09/04/2023 19:07,srdd_108
111,1541,1906,0,13/05/2015 12:02,True,12062,11288,15/07/2019 00:55,14/07/2021 00:55,srdd_109
112,173,123,0,22/10/2019 01:30,False,764,218,16/11/2021 03:27,16/11/2023 03:27,srdd_110
113,301,25,0,20/07/2021 03:36,False,3966,134,06/11/2021 22:57,06/11/2023 22:57,srdd_111
114,161,121,0,15/06/2021 00:58,False,801,19,13/07/2020 12:37,13/07/2022 12:37,srdd_112
115,432,47,0,24/01/2019 19:49,False,1680,7027,14/12/2022 14:27,31/12/2023 00:00,srdd_113
116,311,68,0,15/04/2017 08:40,True,1249,12771,07/08/2022 15:41,31/12/2023 00:00,srdd_114
117,399,396,0,27/03/2020 01:21,False,740,718,25/01/2020 23:02,24/01/2022 23:02,srdd_115
118,858,1190,0,15/03/2020 02:37,False,1982,9768,04/04/2020 23:31,04/04/2022 23:31,srdd_116
119,1388,1387,0,09/12/2018 18:07,True,7592,35801,01/01/2019 00:00,24/03/2020 04:09,srdd_117
120,200,158,0,11/09/2020 16:57,True,386,2951,07/10/2022 22:05,31/12/2023 00:00,srdd_118
121,157,47,0,05/03/2020 04:53,False,3155,1020,16/07/2022 08:59,31/12/2023 00:00,srdd_119
122,140,97,1,19/03/2021 16:56,False,1534,10478,26/06/2022 11:23,31/12/2023 00:00,srdd_120
123,1021,26,0,26/06/2016 01:54,False,7364,3983,01/01/2019 00:00,08/10/2020 22:14,srdd_121
124,1142,444,0,01/02/2016 04:48,False,7752,7020,09/09/2022 02:52,31/12/2023 00:00,srdd_122
125,126,37,0,27/12/2019 19:35,False,388,2120,20/12/2020 06:09,20/12/2022 06:09,srdd_123
126,886,525,0,01/03/2018 14:21,False,3698,2739,13/02/2021 22:51,13/02/2023 22:51,srdd_124
127,215,137,0,16/07/2019 15:13,False,720,3385,01/01/2019 00:00,10/04/2020 14:28,srdd_125
128,294,115,0,04/06/2018 19:43,False,1392,234,26/07/2022 16:15,31/12/2023 00:00,srdd_126
129,598,498,0,14/07/2018 10:03,False,7019,11192,01/01/2019 00:00,09/09/2020 07:49,srdd_127
130,865,374,0,20/04/2017 18:18,False,8779,4568,01/01/2019 00:00,25/04/2020 05:58,srdd_128
131,781,346,0,13/03/2018 20:55,False,2873,660,01/01/2019 00:00,12/10/2020 03:54,srdd_129
132,236,100,0,23/02/2018 05:03,False,920,7854,23/02/2020 04:39,22/02/2022 04:39,srdd_130
133,603,313,0,13/10/2018 02:48,False,3366,1467,01/01/2019 00:00,22/12/2020 22:04,srdd_131
134,279,266,0,16/10/2020 22:37,False,1482,4,14/03/2021 11:36,14/03/2023 11:36,srdd_132
135,437,453,0,11/04/2021 23:51,False,660,3843,22/03/2021 08:39,22/03/2023 08:39,srdd_133
136,1934,2811,0,08/05/2020 05:26,True,10556,522,29/03/2021 07:57,29/03/2023 07:57,srdd_134
137,1437,311,0,22/09/2019 05:20,True,10689,30585,01/01/2019 00:00,27/05/2020 01:32,srdd_135
138,150,27,1,28/08/2020 20:40,False,327,1454,07/09/2021 16:48,07/09/2023 16:48,srdd_136
139,166,165,0,18/08/2018 21:53,False,273,241,01/01/2019 00:00,09/03/2020 06:51,srdd_137
140,1142,444,0,01/02/2016 04:48,False,7752,7020,01/01/2019 00:00,28/07/2020 00:56,srdd_138
141,341,202,0,04/09/2020 18:44,False,1406,3883,02/02/2020 02:58,01/02/2022 02:58,srdd_139
142,203,69,0,18/07/2018 01:47,False,426,1325,01/01/2019 00:00,26/10/2020 19:11,srdd_140
143,519,827,0,15/01/2019 03:39,False,1835,2528,01/01/2019 00:00,02/10/2020 13:26,srdd_141
144,624,596,0,17/04/2020 03:06,False,570,520,09/08/2019 20:16,08/08/2021 20:16,srdd_142
145,126,27,0,12/02/2020 14:00,False,104,276,06/01/2020 01:38,05/01/2022 01:38,srdd_143
146,133,104,0,22/07/2020 19:23,False,127,6045,30/08/2020 22:07,30/08/2022 22:07,srdd_144
147,228,98,0,03/05/2019 20:37,False,1583,847,01/01/2019 00:00,07/07/2020 14:51,srdd_145
148,546,13,0,05/12/2018 07:36,True,7028,20727,28/01/2021 18:01,28/01/2023 18:01,srdd_146
149,171,82,0,15/10/2019 22:21,False,198,1147,05/04/2020 14:24,05/04/2022 14:24,srdd_147
150,317,47,0,04/04/2021 14:39,False,3493,303,20/07/2020 13:52,20/07/2022 13:52,srdd_148
151,255,65,0,29/08/2017 04:23,False,11559,5287,05/05/2019 03:45,04/05/2021 03:45,srdd_149
152,114,22,0,15/07/2020 07:44,False,270,227,20/07/2019 09:51,19/07/2021 09:51,srdd_150
153,280,247,0,21/01/2021 01:38,False,839,3,10/05/2022 15:36,31/12/2023 00:00,srdd_151
154,1119,736,0,31/12/2016 02:49,False,7545,3138,05/05/2019 15:00,04/05/2021 15:00,srdd_152
155,385,278,0,18/12/2017 04:34,False,1269,997,17/12/2020 04:05,17/12/2022 04:05,srdd_153
156,114,40,0,23/04/2017 16:15,False,724,95,06/06/2019 15:38,05/06/2021 15:38,srdd_154
157,3683,2561,0,23/12/2018 19:49,False,33325,3284,14/12/2019 12:58,13/12/2021 12:58,srdd_155
158,175,133,1,23/07/2021 07:42,False,420,1174,24/07/2021 01:46,24/07/2023 01:46,srdd_156
159,112,83,0,11/02/2021 01:10,False,1381,960,16/04/2021 17:24,16/04/2023 17:24,srdd_157
160,3330,12,0,17/06/2014 06:46,False,2971,2654,12/03/2022 14:19,31/12/2023 00:00,srdd_158
161,383,957,0,18/01/2021 05:18,False,2312,5668,18/09/2020 21:41,18/09/2022 21:41,srdd_159
162,432,373,0,05/11/2019 22:06,False,1101,794,01/01/2019 00:00,02/11/2020 03:07,srdd_160
163,485,338,0,11/12/2017 19:42,True,1717,3355,02/06/2022 00:41,31/12/2023 00:00,srdd_161
164,1722,856,0,01/12/2018 02:40,False,19289,9686,27/11/2020 06:53,27/11/2022 06:53,srdd_162
165,3733,1501,0,03/04/2020 05:53,True,44395,7122,14/05/2020 09:15,14/05/2022 09:15,srdd_163
166,395,228,0,20/04/2020 18:17,False,2764,17437,01/07/2020 10:47,01/07/2022 10:47,srdd_164
167,288,350,0,26/11/2020 05:40,False,-100,29,10/01/2021 13:48,10/01/2023 13:48,srdd_165
168,1243,875,0,21/10/2016 00:28,False,8731,80,02/06/2019 17:36,01/06/2021 17:36,srdd_166
169,668,1267,0,25/02/2019 03:35,False,2285,5130,26/08/2020 13:03,26/08/2022 13:03,srdd_167
170,1446,115,1,23/04/2019 01:26,True,4672,4016,15/11/2021 14:33,15/11/2023 14:33,srdd_168
172,110,100,0,23/09/2018 20:18,False,309,830,01/01/2019 00:00,29/07/2020 07:07,srdd_169
173,1561,2011,0,28/03/2019 20:23,True,6470,6883,01/01/2019 00:00,23/05/2020 06:22,srdd_170
174,1696,323,0,04/10/2019 14:49,False,24039,18207,08/10/2019 05:32,07/10/2021 05:32,srdd_171
175,212,38,1,21/02/2020 21:25,False,1582,391,19/12/2022 18:27,31/12/2023 00:00,srdd_172
176,314,283,0,09/10/2021 16:17,False,210,1299,04/12/2021 13:08,04/12/2023 13:08,srdd_173
177,260,40,0,24/10/2020 01:37,False,1330,174,08/03/2021 00:44,08/03/2023 00:44,srdd_174
178,529,167,0,16/07/2017 05:08,False,1559,8284,22/08/2021 14:38,22/08/2023 14:38,srdd_175
179,764,1471,0,29/01/2019 01:26,False,2519,505,11/12/2022 01:46,31/12/2023 00:00,srdd_176
180,288,350,0,26/11/2020 05:40,False,-100,29,24/01/2020 01:15,23/01/2022 01:15,srdd_177
181,412,373,0,18/04/2020 02:53,True,1712,398,25/10/2021 20:37,25/10/2023 20:37,srdd_178
182,1904,1055,1,16/10/2018 21:59,False,21918,3310,17/12/2022 04:07,31/12/2023 00:00,srdd_179
183,714,105,0,30/07/2018 06:57,False,8193,29920,26/12/2021 13:14,26/12/2023 13:14,srdd_180
184,528,364,0,25/01/2019 03:07,False,6861,355,11/04/2021 21:50,11/04/2023 21:50,srdd_181
185,115,129,0,10/07/2021 19:28,False,1078,442,08/09/2020 20:34,08/09/2022 20:34,srdd_182
186,150,101,1,20/07/2019 16:11,False,151,7725,01/01/2019 00:00,07/10/2020 00:35,srdd_183
187,168,163,0,14/11/2020 16:29,False,692,11,01/11/2020 22:58,01/11/2022 22:58,srdd_184
188,1148,920,0,29/10/2019 03:52,False,36506,2710,01/01/2019 00:00,11/06/2020 22:08,srdd_185
189,171,510,0,26/12/2021 16:27,False,555,821,29/01/2021 08:43,29/01/2023 08:43,srdd_186
190,208,131,0,20/07/2019 05:13,False,1060,455,22/12/2019 19:47,21/12/2021 19:47,srdd_187
191,591,370,0,02/06/2021 12:38,False,6514,38,02/02/2021 09:48,02/02/2023 09:48,srdd_188
192,133,132,0,27/02/2020 19:58,False,36,234,06/07/2020 04:55,06/07/2022 04:55,srdd_189
193,854,807,0,01/05/2020 11:01,False,12003,904,22/09/2020 03:18,22/09/2022 03:18,srdd_190
194,402,333,0,02/11/2020 18:01,False,3828,6977,03/11/2021 14:12,03/11/2023 14:12,srdd_191
195,177,44,0,15/09/2020 15:32,False,1147,1602,11/11/2019 02:50,10/11/2021 02:50,srdd_192
196,1763,712,0,20/04/2017 20:13,False,20226,17082,04/08/2020 21:16,04/08/2022 21:16,srdd_193
198,290,61,0,01/10/2020 20:30,False,799,2508,04/09/2019 04:39,03/09/2021 04:39,srdd_194
199,208,131,0,20/07/2019 05:13,False,1060,455,01/01/2019 00:00,12/09/2020 18:19,srdd_195
200,184,191,0,07/12/2020 13:21,False,759,1747,12/10/2021 19:00,12/10/2023 19:00,srdd_196
201,211,69,0,13/03/2017 09:39,False,3116,1738,01/01/2019 00:00,10/09/2020 22:06,srdd_197
202,1181,326,0,16/12/2017 09:22,False,4574,13364,01/01/2019 00:00,22/05/2020 06:51,srdd_198
203,579,452,0,30/09/2019 00:51,False,1844,4915,21/07/2022 10:33,31/12/2023 00:00,srdd_199
204,326,581,0,17/09/2020 20:28,False,830,923,25/09/2020 07:04,25/09/2022 07:04,srdd_200
205,1171,27,0,15/03/2017 03:53,False,3126,276,08/05/2019 17:22,07/05/2021 17:22,srdd_201
206,555,348,0,14/07/2019 20:11,True,1415,14177,16/04/2019 20:42,15/04/2021 20:42,srdd_202
207,137,51,0,19/04/2018 23:26,False,550,3295,16/09/2022 08:04,31/12/2023 00:00,srdd_203
208,1541,1906,0,13/05/2015 12:02,True,12062,11288,22/06/2019 18:07,21/06/2021 18:07,srdd_204
209,1325,634,0,23/11/2015 07:30,False,22155,495,01/01/2019 00:00,17/03/2020 04:06,srdd_205
210,1994,806,0,13/10/2019 18:11,True,31351,23456,17/06/2020 04:39,17/06/2022 04:39,srdd_206
211,436,390,0,15/10/2020 03:15,False,768,3595,06/03/2020 00:59,06/03/2022 00:59,srdd_207
212,133,26,0,18/10/2019 00:25,False,96,177,01/01/2019 00:00,15/09/2020 23:32,srdd_208
213,459,441,0,08/06/2019 03:11,False,1486,916,03/12/2020 01:21,03/12/2022 01:21,srdd_209
214,879,1243,0,17/04/2020 17:45,True,4052,11347,28/09/2020 17:18,28/09/2022 17:18,srdd_210
215,225,121,0,01/12/2016 15:09,False,807,10745,01/01/2019 00:00,07/07/2020 21:29,srdd_211
216,204,226,0,16/09/2018 02:21,False,406,598,01/01/2019 00:00,25/10/2020 02:51,srdd_212
217,1842,1749,0,05/03/2017 05:57,False,8765,3441,01/01/2019 00:00,11/12/2020 23:23,srdd_213
218,192,24,0,17/06/2020 18:26,False,655,7609,10/12/2021 09:49,10/12/2023 09:49,srdd_214
219,116,35,0,30/07/2020 09:34,False,1069,544,07/10/2020 08:31,07/10/2022 08:31,srdd_215
220,461,871,0,05/11/2021 20:01,False,1017,1483,12/06/2021 13:54,12/06/2023 13:54,srdd_216
221,333,184,0,02/06/2020 03:42,False,1357,2396,26/04/2021 20:01,26/04/2023 20:01,srdd_217
222,599,1136,0,03/03/2019 21:13,False,1114,1755,01/01/2019 00:00,11/10/2020 08:25,srdd_218
223,665,334,0,12/04/2021 18:08,False,8438,1249,14/03/2021 23:24,14/03/2023 23:24,srdd_219
224,403,16,0,02/02/2019 15:13,True,1702,55,01/01/2019 00:00,02/05/2020 22:12,srdd_220
225,303,331,0,25/07/2017 06:01,True,1441,1701,01/01/2019 00:00,14/08/2020 20:19,srdd_221
226,2346,1733,0,14/07/2019 12:31,False,36498,3179,01/01/2019 00:00,29/11/2020 00:37,srdd_222
227,200,162,0,12/11/2013 14:19,False,1549,1520,13/02/2022 18:59,31/12/2023 00:00,srdd_223
228,472,87,0,13/06/2017 01:07,True,2650,2197,11/05/2021 00:19,11/05/2023 00:19,srdd_224
229,222,141,0,31/12/2019 12:57,False,574,247,01/01/2019 00:00,30/12/2020 22:22,srdd_225
230,4160,1472,0,06/12/2018 11:45,False,76179,12645,17/01/2022 18:48,31/12/2023 00:00,srdd_226
231,375,281,0,24/12/2019 14:15,False,944,5631,03/01/2022 10:57,31/12/2023 00:00,srdd_227
232,204,226,0,16/09/2018 02:21,False,406,598,08/07/2019 05:24,07/07/2021 05:24,srdd_228
233,135,128,0,26/04/2021 08:41,False,1643,824,12/04/2020 17:43,12/04/2022 17:43,srdd_229
235,107,53,0,19/08/2020 20:26,False,100,25,07/04/2022 00:30,31/12/2023 00:00,srdd_230
236,1136,1107,0,26/08/2019 00:39,False,4909,168,06/03/2020 15:37,06/03/2022 15:37,srdd_231
237,373,476,0,17/05/2020 13:31,False,1975,3821,22/04/2020 23:19,22/04/2022 23:19,srdd_232
238,556,503,0,30/08/2020 19:12,False,2105,1778,08/06/2022 23:51,31/12/2023 00:00,srdd_233
239,448,305,0,08/07/2018 06:56,False,17614,18246,15/05/2019 09:00,14/05/2021 09:00,srdd_234
240,690,1312,0,28/10/2018 21:27,False,11786,1718,01/01/2019 00:00,03/03/2020 01:06,srdd_235
241,1028,1723,0,20/02/2020 20:53,False,9005,13008,29/04/2022 01:19,31/12/2023 00:00,srdd_236
242,133,63,0,05/11/2020 08:39,False,7356,818,29/01/2021 11:04,29/01/2023 11:04,srdd_237
243,653,645,0,24/12/2019 09:29,False,3761,1789,15/02/2019 18:22,14/02/2021 18:22,srdd_238
244,223,56,0,17/06/2018 12:43,True,481,446,22/06/2020 16:05,22/06/2022 16:05,srdd_239
245,122,14,0,13/07/2021 17:54,False,384,178,11/05/2020 18:28,11/05/2022 18:28,srdd_240
246,1683,2561,0,23/12/2018 19:49,False,33325,3284,26/03/2020 15:17,26/03/2022 15:17,srdd_241
247,355,267,0,29/04/2020 23:08,False,1527,688,21/05/2019 07:32,20/05/2021 07:32,srdd_242
248,155,135,0,12/05/2018 07:47,False,817,7063,01/01/2019 00:00,11/08/2020 20:21,srdd_243
249,429,148,0,21/04/2018 17:43,False,2278,1971,19/12/2019 03:39,18/12/2021 03:39,srdd_244
250,164,50,0,16/07/2017 15:24,False,1772,788,01/01/2019 00:00,24/03/2020 19:27,srdd_245
251,211,241,0,11/11/2019 22:25,False,1073,455,16/01/2019 01:27,15/01/2021 01:27,srdd_246
252,3955,1909,0,21/05/2016 12:22,False,9581,5368,01/01/2019 00:00,11/02/2020 22:34,srdd_247
253,191,39,0,14/05/2019 16:50,False,86,102,26/01/2021 01:06,26/01/2023 01:06,srdd_248
254,464,272,1,28/12/2017 04:22,True,2271,1801,01/01/2019 00:00,29/12/2020 20:44,srdd_249
255,391,37,0,13/05/2012 16:04,True,11410,890,01/01/2019 00:00,12/09/2020 18:10,srdd_250
256,110,216,0,05/07/2020 18:57,False,62,79,10/02/2022 16:25,31/12/2023 00:00,srdd_251
257,416,629,0,21/11/2016 01:08,False,2698,1620,01/01/2019 00:00,20/09/2020 21:27,srdd_252
258,297,132,0,22/08/2018 16:29,False,4586,16367,01/01/2019 00:00,26/07/2020 16:10,srdd_253
259,1403,369,0,10/10/2018 19:21,False,5112,488,02/11/2019 19:28,01/11/2021 19:28,srdd_254
260,738,57,0,27/08/2018 06:14,False,1859,2657,15/01/2019 23:45,14/01/2021 23:45,srdd_255
261,2542,22,0,13/01/2019 19:45,False,76299,3899,01/01/2019 00:00,22/09/2020 18:49,srdd_256
262,1561,2011,0,28/03/2019 20:23,False,6470,6883,14/03/2021 06:08,14/03/2023 06:08,srdd_257
263,368,304,0,27/05/2016 08:45,False,7896,4452,01/01/2019 00:00,20/02/2020 00:12,srdd_258
265,211,82,0,26/03/2016 13:08,False,927,1045,01/01/2019 00:00,27/07/2020 17:18,srdd_259
266,665,847,0,07/09/2020 08:25,False,613,923,04/10/2022 04:16,31/12/2023 00:00,srdd_260
267,377,238,0,12/05/2020 07:01,False,2154,6435,03/11/2020 03:49,03/11/2022 03:49,srdd_261
268,286,54,0,03/02/2018 16:51,False,6192,1438,01/01/2019 00:00,13/06/2020 22:12,srdd_262
269,355,267,0,29/04/2020 23:08,False,1527,688,26/10/2021 02:22,26/10/2023 02:22,srdd_263
270,226,87,0,19/09/2016 14:45,False,961,1878,01/01/2019 00:00,16/11/2020 06:55,srdd_264
271,404,34,0,30/03/2019 01:14,False,1212,141,10/06/2021 06:49,10/06/2023 06:49,srdd_265
272,355,426,0,03/06/2018 05:13,False,1542,1214,19/07/2019 07:38,18/07/2021 07:38,srdd_266
273,461,871,0,05/11/2021 20:01,False,1017,1483,31/08/2021 22:24,31/08/2023 22:24,srdd_267
274,297,132,0,22/08/2018 16:29,False,4586,16367,29/10/2019 23:31,28/10/2021 23:31,srdd_268
275,421,603,0,24/06/2019 18:12,False,1691,6007,01/01/2019 00:00,06/11/2020 22:09,srdd_269
276,738,170,0,11/10/2018 19:52,False,6406,2895,12/01/2020 12:58,11/01/2022 12:58,srdd_270
277,120,135,0,29/04/2018 02:55,False,176,660,01/01/2019 00:00,05/08/2020 09:42,srdd_271
278,1355,580,0,16/05/2018 10:16,True,6474,21313,28/11/2020 15:37,28/11/2022 15:37,srdd_272
279,2711,1380,0,23/02/2018 17:28,True,8629,12534,15/06/2021 06:36,15/06/2023 06:36,srdd_273
280,275,261,0,10/10/2019 19:30,False,784,2369,01/01/2019 00:00,10/10/2020 19:54,srdd_274
281,1321,1146,0,22/04/2019 20:24,False,7295,6118,01/05/2019 18:39,30/04/2021 18:39,srdd_275
282,174,106,0,26/12/2016 05:19,False,7277,11100,01/01/2019 00:00,12/04/2020 17:57,srdd_276
283,408,175,0,15/05/2018 19:38,False,2333,12881,17/09/2019 23:05,16/09/2021 23:05,srdd_277
284,101,200,0,24/03/2021 15:57,False,143,278,31/07/2022 02:02,31/12/2023 00:00,srdd_278
285,243,346,0,08/08/2021 01:50,False,1931,2088,18/09/2020 09:56,18/09/2022 09:56,srdd_279
286,110,216,0,05/07/2020 18:57,False,62,79,13/09/2020 15:15,13/09/2022 15:15,srdd_280
287,344,323,0,10/12/2021 18:34,False,4878,606,28/12/2020 07:42,28/12/2022 07:42,srdd_281
288,171,330,0,12/08/2020 02:14,False,109,23,05/04/2020 17:20,05/04/2022 17:20,srdd_282
289,357,28,0,15/02/2017 20:00,False,5376,920,01/01/2019 00:00,02/05/2020 22:12,srdd_283
290,874,431,0,26/01/2021 16:32,False,3719,1417,25/06/2020 14:10,25/06/2022 14:10,srdd_284
291,210,204,0,12/11/2020 21:35,True,766,600,06/02/2022 20:34,31/12/2023 00:00,srdd_285
292,477,521,0,11/09/2019 06:42,False,4505,865,07/03/2019 07:05,06/03/2021 07:05,srdd_286
293,111,624,0,23/11/2021 05:02,False,364,1,27/02/2022 20:05,31/12/2023 00:00,srdd_287
294,592,108,0,16/12/2021 14:28,False,2466,2489,30/05/2022 23:22,31/12/2023 00:00,srdd_288
295,120,115,0,22/07/2021 01:11,False,1197,141,10/06/2020 17:07,10/06/2022 17:07,srdd_289
296,101,200,0,24/03/2021 15:57,False,143,278,16/06/2022 23:41,31/12/2023 00:00,srdd_290
297,613,841,0,30/01/2021 08:22,False,3810,1281,20/10/2021 16:48,20/10/2023 16:48,srdd_291
298,235,157,1,06/06/2018 02:07,False,1439,5132,01/01/2019 00:00,22/08/2020 04:19,srdd_292
299,627,389,0,22/09/2018 22:04,False,2234,14346,01/01/2019 00:00,07/09/2020 16:58,srdd_293
300,243,346,0,08/08/2021 01:50,False,1931,2088,25/03/2021 01:57,25/03/2023 01:57,srdd_294
301,292,186,0,11/08/2020 19:31,False,1411,6343,08/10/2022 22:25,31/12/2023 00:00,srdd_295
302,253,77,0,06/02/2017 21:36,False,4660,7402,24/11/2021 07:34,24/11/2023 07:34,srdd_296
303,355,426,0,03/06/2018 05:13,False,1542,1214,01/01/2019 00:00,26/06/2020 07:11,srdd_297
304,4906,1587,0,19/11/2018 14:57,True,35834,40812,01/01/2019 00:00,14/07/2020 07:26,srdd_298
305,290,266,0,26/12/2019 05:16,False,1278,2310,22/06/2020 09:38,22/06/2022 09:38,srdd_299
306,132,65,0,23/03/2020 22:25,False,1113,33,13/08/2019 01:50,12/08/2021 01:50,srdd_300
307,833,662,0,23/11/2019 00:00,False,4961,3417,11/08/2019 04:31,10/08/2021 04:31,srdd_301
308,668,1267,0,25/02/2019 03:35,False,2285,5130,01/01/2019 00:00,09/02/2020 14:38,srdd_302
309,149,173,0,19/05/2019 11:47,False,159,951,03/01/2019 02:35,02/01/2021 02:35,srdd_303
310,1746,1179,1,11/09/2021 19:33,False,9502,36665,07/05/2022 01:11,31/12/2023 00:00,srdd_304
311,2346,1733,0,14/07/2019 12:31,False,36498,3179,02/04/2019 17:56,01/04/2021 17:56,srdd_305
312,680,47,0,02/12/2016 03:51,False,3439,331,01/01/2019 00:00,27/08/2020 01:32,srdd_306
314,258,37,0,18/10/2016 06:04,True,4801,1475,01/01/2019 00:00,26/06/2020 05:22,srdd_307
315,237,192,0,12/11/2020 06:14,False,782,1080,29/10/2021 06:10,29/10/2023 06:10,srdd_308
317,467,351,0,28/07/2017 21:13,False,2393,1465,01/01/2019 00:00,27/07/2020 09:12,srdd_309
318,102,38,0,15/10/2020 18:04,True,157,189,26/10/2022 13:01,31/12/2023 00:00,srdd_310
319,469,386,0,24/01/2012 00:02,True,25371,7786,01/01/2019 00:00,16/10/2020 21:24,srdd_311
320,1937,612,1,20/12/2020 00:19,False,8721,421,04/10/2020 20:19,04/10/2022 20:19,srdd_312
321,652,447,0,28/08/2020 21:52,True,18410,8639,20/06/2020 21:26,20/06/2022 21:26,srdd_313
322,1084,351,0,09/05/2019 09:09,False,6645,1954,13/02/2019 04:36,12/02/2021 04:36,srdd_314
323,764,1471,0,29/01/2019 01:26,False,2519,505,11/04/2019 00:29,10/04/2021 00:29,srdd_315
324,585,399,0,29/09/2021 00:21,True,534,659,23/08/2022 20:22,31/12/2023 00:00,srdd_316
325,132,32,0,26/12/2017 07:28,False,551,552,01/01/2019 00:00,03/04/2020 19:53,srdd_317
326,392,46,0,12/01/2017 17:52,False,7233,25589,11/11/2019 18:27,10/11/2021 18:27,srdd_318
327,200,287,0,11/03/2021 17:50,False,1129,586,13/02/2020 02:22,12/02/2022 02:22,srdd_319
328,118,29,0,27/01/2017 05:30,False,175,722,01/01/2019 00:00,14/03/2020 16:12,srdd_320
329,383,957,0,18/01/2021 05:18,False,2312,5668,20/06/2022 21:50,31/12/2023 00:00,srdd_321
330,1107,147,0,30/12/2019 21:35,False,30841,642,15/05/2020 21:17,15/05/2022 21:17,srdd_322
331,1016,679,0,24/01/2019 23:08,True,17529,25268,01/01/2019 00:00,08/04/2020 18:23,srdd_323
332,1431,774,0,01/07/2014 01:29,True,12899,4086,01/01/2019 00:00,07/04/2020 04:55,srdd_324
333,1428,803,0,29/08/2017 01:56,False,11622,1978,28/02/2022 02:14,31/12/2023 00:00,srdd_325
334,283,198,0,09/08/2020 16:36,False,1756,1090,24/03/2022 13:21,31/12/2023 00:00,srdd_326
335,292,299,0,19/02/2019 20:47,False,2288,167,24/10/2019 18:52,23/10/2021 18:52,srdd_327
336,157,134,1,01/07/2020 06:08,True,183,2618,16/07/2019 22:06,15/07/2021 22:06,srdd_328
337,171,510,0,26/12/2021 16:27,False,555,821,13/03/2021 13:54,13/03/2023 13:54,srdd_329
338,211,140,0,23/01/2016 15:14,False,286,387,13/10/2020 17:30,13/10/2022 17:30,srdd_330
339,585,37,0,11/06/2018 16:10,False,6278,10019,01/01/2019 00:00,20/02/2020 16:20,srdd_331
340,615,509,0,16/09/2018 14:51,False,2744,4260,03/05/2019 05:05,02/05/2021 05:05,srdd_332
341,727,211,0,26/06/2019 06:27,False,3848,257,29/12/2021 00:59,29/12/2023 00:59,srdd_333
342,210,98,0,06/08/2021 05:08,False,132,150,05/11/2022 04:18,31/12/2023 00:00,srdd_334
343,372,191,0,11/10/2019 10:39,False,693,1052,14/05/2019 23:08,13/05/2021 23:08,srdd_335
344,1683,2561,0,23/12/2018 19:49,False,33325,3284,01/01/2019 00:00,30/09/2020 03:08,srdd_336
345,1173,1046,0,26/03/2020 08:15,False,4926,6241,21/12/2020 04:38,21/12/2022 04:38,srdd_337
346,361,190,0,08/08/2017 17:36,False,4930,1234,01/01/2019 00:00,27/05/2020 21:26,srdd_338
348,286,426,0,09/02/2019 03:27,False,1051,900,01/01/2019 00:00,26/07/2020 17:29,srdd_339
349,138,50,0,20/01/2017 21:29,False,741,14933,01/01/2019 00:00,29/06/2020 11:38,srdd_340
350,210,210,0,02/12/2021 13:31,False,1549,1445,17/07/2020 12:20,17/07/2022 12:20,srdd_341
351,179,221,0,06/07/2020 05:16,False,343,40,31/07/2019 04:49,30/07/2021 04:49,srdd_342
352,292,267,1,21/06/2020 22:13,False,2835,67,03/09/2020 10:04,03/09/2022 10:04,srdd_343
353,851,706,0,12/01/2020 18:22,False,5378,1926,14/09/2020 23:52,14/09/2022 23:52,srdd_344
354,204,196,0,04/08/2020 08:22,False,529,369,23/10/2019 14:50,22/10/2021 14:50,srdd_345
355,162,229,0,11/06/2020 15:51,False,180,126,31/07/2019 01:45,30/07/2021 01:45,srdd_346
356,1033,1239,1,28/11/2019 21:16,True,4089,8681,06/03/2019 07:46,05/03/2021 07:46,srdd_347
357,147,147,0,06/05/2019 04:53,False,373,1415,13/11/2020 12:56,13/11/2022 12:56,srdd_348
358,1006,770,0,18/09/2021 19:31,False,12382,1823,07/08/2021 03:24,07/08/2023 03:24,srdd_349
359,554,411,0,17/06/2021 01:54,False,3446,4513,15/03/2022 19:29,31/12/2023 00:00,srdd_350
360,140,77,0,07/05/2020 04:33,False,143,376,23/03/2020 06:16,23/03/2022 06:16,srdd_351
361,162,150,0,10/07/2018 00:25,False,911,255,01/01/2019 00:00,21/08/2020 04:47,srdd_352
362,345,77,0,10/07/2017 05:37,True,652,235,28/04/2019 19:39,27/04/2021 19:39,srdd_353
363,1575,2008,0,16/12/2018 20:44,False,10377,573,01/01/2019 00:00,19/10/2020 08:05,srdd_354
364,451,158,0,30/05/2018 20:21,False,1716,4577,01/01/2019 00:00,05/09/2020 17:12,srdd_355
365,665,847,0,07/09/2020 08:25,False,613,923,09/04/2022 01:17,31/12/2023 00:00,srdd_356
366,183,95,0,25/03/2020 17:02,False,197,2130,30/04/2020 14:29,30/04/2022 14:29,srdd_357
367,171,510,0,26/12/2021 16:27,False,555,821,10/08/2021 00:51,10/08/2023 00:51,srdd_358
369,496,285,0,22/03/2020 01:19,False,1820,2385,02/08/2021 07:09,02/08/2023 07:09,srdd_359
370,2418,1101,0,29/04/2020 06:34,False,47508,5373,20/10/2019 09:37,19/10/2021 09:37,srdd_360
371,147,135,0,12/01/2017 15:01,False,324,671,01/01/2019 00:00,10/06/2020 18:42,srdd_361
372,1057,355,0,23/07/2021 05:39,True,2284,4630,17/09/2022 16:46,31/12/2023 00:00,srdd_362
373,258,269,0,27/11/2019 09:07,False,731,1184,24/02/2019 07:54,23/02/2021 07:54,srdd_363
374,135,32,1,11/11/2018 18:58,False,50,1024,04/10/2019 13:43,03/10/2021 13:43,srdd_364
375,432,373,0,05/11/2019 22:06,False,1101,794,10/11/2022 18:05,31/12/2023 00:00,srdd_365
376,138,0,1,19/07/2016 17:17,False,194,1557,31/12/2021 13:01,31/12/2023 00:00,srdd_366
377,204,98,0,30/06/2018 12:35,False,699,3111,01/01/2019 00:00,10/11/2020 14:01,srdd_367
378,123,187,0,27/06/2020 15:32,False,327,181,17/11/2020 21:14,17/11/2022 21:14,srdd_368
379,599,1136,0,03/03/2019 21:13,False,1114,1755,07/11/2019 02:19,06/11/2021 02:19,srdd_369
380,805,848,0,07/11/2019 23:37,False,2207,502,01/01/2019 00:00,08/12/2020 06:13,srdd_370
381,283,71,1,03/09/2015 20:17,False,5512,1236,17/12/2021 04:44,17/12/2023 04:44,srdd_371
382,386,44,0,22/09/2020 20:52,False,15351,724,17/09/2021 16:04,17/09/2023 16:04,srdd_372
383,613,239,0,13/10/2017 15:29,False,1421,741,01/05/2020 08:01,01/05/2022 08:01,srdd_373
384,174,153,0,14/07/2020 18:21,False,90,27,10/08/2020 22:01,10/08/2022 22:01,srdd_374
385,133,35,0,03/04/2018 16:34,False,416,334,04/09/2020 07:44,04/09/2022 07:44,srdd_375
386,160,149,0,08/02/2016 20:24,False,2420,3930,10/05/2019 01:19,09/05/2021 01:19,srdd_376
387,1130,47,1,29/08/2019 13:23,False,8993,591,11/02/2022 18:56,31/12/2023 00:00,srdd_377
388,638,278,0,27/12/2018 11:52,False,1347,1615,16/11/2021 08:22,16/11/2023 08:22,srdd_378
389,609,370,0,29/05/2014 20:25,False,12412,8346,01/01/2019 00:00,30/07/2020 19:36,srdd_379
390,246,108,0,04/11/2020 22:18,True,1585,1477,13/08/2019 16:21,12/08/2021 16:21,srdd_380
391,119,24,1,09/01/2021 15:38,False,152,435,03/05/2020 01:38,03/05/2022 01:38,srdd_381
392,257,222,0,06/01/2019 13:27,False,1253,1238,03/06/2019 20:18,02/06/2021 20:18,srdd_382
393,138,144,0,08/12/2020 12:09,False,501,831,29/10/2021 17:48,29/10/2023 17:48,srdd_383
394,611,163,0,03/02/2018 19:28,False,2649,6156,01/01/2019 00:00,13/08/2020 08:28,srdd_384
395,217,431,0,25/10/2020 01:48,True,632,635,05/05/2021 05:21,05/05/2023 05:21,srdd_385
396,111,624,0,23/11/2021 05:02,False,364,1,13/09/2022 02:19,31/12/2023 00:00,srdd_386
397,121,63,0,01/09/2019 14:56,False,122,1320,03/03/2019 20:45,02/03/2021 20:45,srdd_387
398,3579,2009,0,14/04/2020 18:48,True,35828,25879,29/05/2020 12:14,29/05/2022 12:14,srdd_388
399,556,503,0,30/08/2020 19:12,False,2105,1778,17/11/2021 13:14,17/11/2023 13:14,srdd_389
400,967,659,0,16/12/2014 05:11,True,5850,753,27/07/2019 20:13,26/07/2021 20:13,srdd_390
401,194,54,0,25/07/2018 23:33,False,351,458,10/05/2022 06:23,31/12/2023 00:00,srdd_391
402,589,146,0,24/06/2017 01:59,False,6824,3445,29/11/2020 22:01,29/11/2022 22:01,srdd_392
403,245,106,0,01/07/2018 04:36,False,2610,2023,01/01/2019 00:00,14/03/2020 09:12,srdd_393
404,2596,1821,0,23/05/2019 04:32,True,29639,14039,19/06/2020 20:47,19/06/2022 20:47,srdd_394
406,197,146,0,29/01/2019 09:32,False,929,1535,01/01/2019 00:00,16/11/2020 07:30,srdd_395
407,180,63,0,22/08/2020 02:37,False,700,13453,26/12/2022 23:13,31/12/2023 00:00,srdd_396
408,472,188,0,17/04/2021 09:29,False,2971,4106,01/01/2022 16:09,31/12/2023 00:00,srdd_397
409,107,61,1,15/08/2018 16:25,False,227,17,01/01/2019 00:00,19/02/2020 02:52,srdd_398
410,365,479,0,01/12/2021 18:20,False,281,574,03/03/2021 21:27,03/03/2023 21:27,srdd_399
411,811,258,0,14/10/2018 00:44,False,10571,17407,19/09/2019 05:53,18/09/2021 05:53,srdd_400
412,101,13,0,26/05/2012 12:29,True,23113,1797,09/04/2022 12:14,31/12/2023 00:00,srdd_401
413,406,12,1,24/03/2020 20:03,False,972,2787,05/07/2019 18:48,04/07/2021 18:48,srdd_402
414,303,47,0,10/12/2018 07:00,False,1387,765,01/01/2019 00:00,08/10/2020 04:48,srdd_403
415,337,302,0,08/11/2020 13:56,False,6836,957,12/08/2019 13:31,11/08/2021 13:31,srdd_404
416,306,370,0,09/12/2019 06:35,True,425,206,31/05/2022 23:03,31/12/2023 00:00,srdd_405
417,476,110,0,26/08/2017 18:47,False,6397,4160,01/01/2019 00:00,15/03/2020 12:15,srdd_406
418,149,145,0,04/02/2020 17:14,False,318,341,07/06/2019 09:55,06/06/2021 09:55,srdd_407
419,1473,240,0,25/09/2019 19:59,True,10119,11363,01/01/2019 00:00,11/09/2020 02:02,srdd_408
420,402,123,0,17/03/2017 20:39,False,13687,3393,09/01/2020 11:17,08/01/2022 11:17,srdd_409
421,2339,842,0,17/03/2017 20:32,False,5603,338,01/01/2019 00:00,07/08/2020 11:22,srdd_410
422,296,499,0,24/06/2021 20:28,False,636,677,01/11/2021 21:11,01/11/2023 21:11,srdd_411
423,172,265,0,15/11/2019 04:26,False,300,18,14/04/2019 20:39,13/04/2021 20:39,srdd_412
424,217,431,0,25/10/2020 01:48,True,632,635,24/09/2022 17:42,31/12/2023 00:00,srdd_413
425,121,63,0,24/06/2020 01:34,False,131,504,10/05/2019 13:44,09/05/2021 13:44,srdd_414
426,518,253,0,26/07/2021 18:41,False,1029,133,31/08/2022 17:42,31/12/2023 00:00,srdd_415
427,624,133,0,27/11/2016 20:10,True,3671,1721,01/01/2019 00:00,20/02/2020 20:17,srdd_416
428,117,90,0,04/03/2017 20:34,False,371,86,01/01/2019 00:00,10/11/2020 12:20,srdd_417
429,1272,907,0,09/04/2020 13:23,False,27638,56,06/08/2020 11:57,06/08/2022 11:57,srdd_418
430,1247,687,0,19/02/2016 23:25,False,8163,9660,01/01/2019 00:00,29/02/2020 08:31,srdd_419
431,208,203,0,16/06/2020 16:29,True,2793,8682,20/01/2021 18:11,20/01/2023 18:11,srdd_420
432,505,649,0,28/02/2018 04:36,False,987,2321,01/01/2019 00:00,08/01/2020 14:00,srdd_421
433,113,43,0,03/12/2018 18:01,False,697,5645,21/03/2019 10:38,20/03/2021 10:38,srdd_422
434,560,131,0,31/07/2018 04:53,False,1641,2456,06/10/2020 05:22,06/10/2022 05:22,srdd_423
435,226,170,1,23/09/2020 23:13,False,694,1513,14/09/2019 00:30,13/09/2021 00:30,srdd_424
436,889,795,0,18/05/2021 03:29,False,12083,1725,28/06/2021 21:52,28/06/2023 21:52,srdd_425
437,283,277,0,21/01/2020 15:26,True,274,1732,13/09/2019 20:45,12/09/2021 20:45,srdd_426
438,396,384,0,01/01/2020 08:51,True,359,776,21/05/2019 13:16,20/05/2021 13:16,srdd_427
439,1016,832,0,25/12/2018 15:36,False,12097,13819,01/01/2019 00:00,01/11/2020 13:07,srdd_428
440,123,187,0,27/06/2020 15:32,False,327,181,27/04/2020 23:28,27/04/2022 23:28,srdd_429
441,141,69,0,01/05/2016 12:59,False,1671,2086,01/01/2019 00:00,20/07/2020 05:42,srdd_430
442,991,894,0,01/01/2020 17:18,True,3237,18705,05/09/2020 11:24,05/09/2022 11:24,srdd_431
443,1243,875,0,21/10/2016 00:28,False,8731,80,01/01/2019 00:00,08/07/2020 04:14,srdd_432
444,160,149,0,08/02/2016 20:24,False,2420,3930,15/04/2021 01:25,15/04/2023 01:25,srdd_433
445,429,85,0,04/02/2020 05:07,False,2087,2472,22/01/2022 09:57,31/12/2023 00:00,srdd_434
446,473,239,0,04/09/2020 23:10,False,315,2313,12/06/2020 19:05,12/06/2022 19:05,srdd_435
447,898,615,0,25/03/2019 01:25,False,11160,372,01/01/2019 00:00,12/08/2020 03:07,srdd_436
448,1541,1254,0,29/04/2020 10:16,False,8341,9593,08/08/2020 19:12,08/08/2022 19:12,srdd_437
449,152,156,0,18/11/2021 07:42,False,1845,170,07/07/2021 06:46,07/07/2023 06:46,srdd_438
450,103,34,0,10/04/2020 21:40,False,221,1215,25/09/2020 05:17,25/09/2022 05:17,srdd_439
451,955,1909,0,21/05/2016 12:22,False,9581,5368,24/05/2021 13:07,24/05/2023 13:07,srdd_440
452,810,555,0,31/05/2019 03:18,False,3649,13780,02/04/2020 01:31,02/04/2022 01:31,srdd_441
453,2163,146,0,11/12/2021 05:24,False,1697,13561,10/10/2021 15:54,10/10/2023 15:54,srdd_442
455,702,671,0,10/06/2020 01:32,False,6302,4442,01/03/2020 09:28,01/03/2022 09:28,srdd_443
456,408,175,0,15/05/2018 19:38,False,2333,12881,01/04/2022 17:18,31/12/2023 00:00,srdd_444
457,129,144,0,17/04/2019 16:16,False,317,1613,14/12/2019 07:09,13/12/2021 07:09,srdd_445
458,553,524,0,02/06/2019 21:32,False,3310,1933,16/08/2021 03:55,16/08/2023 03:55,srdd_446
459,216,23,0,17/08/2018 06:29,False,736,566,01/04/2022 22:28,31/12/2023 00:00,srdd_447
460,119,249,0,03/02/2019 23:24,False,214,407,01/01/2019 00:00,25/05/2020 20:06,srdd_448
461,341,90,1,23/12/2020 05:44,False,2288,5,17/05/2022 21:23,31/12/2023 00:00,srdd_449
462,204,159,0,18/03/2019 13:01,False,473,65,19/10/2019 21:10,18/10/2021 21:10,srdd_450
463,242,242,0,18/04/2021 08:14,False,416,179,17/05/2022 21:42,31/12/2023 00:00,srdd_451
464,1459,807,0,14/03/2017 15:21,False,29247,283,12/11/2021 15:21,12/11/2023 15:21,srdd_452
465,1120,435,0,20/11/2017 16:30,True,3989,12277,01/01/2019 00:00,28/03/2020 17:12,srdd_453
466,1575,2008,0,16/12/2018 20:44,False,10377,573,01/01/2019 00:00,10/06/2020 23:22,srdd_454
467,2337,202,0,10/07/2014 18:10,False,21292,7572,01/01/2019 00:00,02/08/2020 19:19,srdd_455
468,300,36,0,15/08/2019 06:54,False,114,19,03/04/2019 10:47,02/04/2021 10:47,srdd_456
469,151,38,0,21/03/2020 02:40,False,1039,2616,17/04/2021 16:26,17/04/2023 16:26,srdd_457
470,260,106,0,07/11/2020 19:54,False,466,534,06/10/2020 12:08,06/10/2022 12:08,srdd_458
471,159,194,0,16/05/2020 21:45,False,285,802,03/07/2021 02:21,03/07/2023 02:21,srdd_459
472,1513,1272,0,25/01/2020 04:45,False,9414,564,24/02/2022 05:49,31/12/2023 00:00,srdd_460
473,426,337,0,11/08/2017 12:08,False,5757,6047,01/01/2019 00:00,21/05/2020 14:52,srdd_461
474,465,373,0,28/05/2018 00:30,False,4289,776,31/01/2019 18:27,30/01/2021 18:27,srdd_462
475,190,137,0,15/11/2019 02:58,True,465,143,17/04/2021 00:59,17/04/2023 00:59,srdd_463
476,656,214,0,21/05/2020 04:42,False,3930,3526,11/07/2022 01:30,31/12/2023 00:00,srdd_464
477,282,191,0,12/07/2019 12:31,False,183,62,18/10/2019 13:38,17/10/2021 13:38,srdd_465
478,182,40,0,04/12/2019 04:45,False,1524,3042,13/12/2022 09:36,31/12/2023 00:00,srdd_466
479,1657,734,0,27/04/2018 02:26,False,20222,7915,09/05/2019 15:51,08/05/2021 15:51,srdd_467
480,429,98,0,01/05/2020 17:40,False,2187,50,16/06/2019 01:47,15/06/2021 01:47,srdd_468
481,126,182,0,21/03/2019 21:15,False,612,4,04/11/2021 11:09,04/11/2023 11:09,srdd_469
482,653,645,0,24/12/2019 09:29,False,3761,1789,23/07/2020 09:47,23/07/2022 09:47,srdd_470
483,136,43,1,12/09/2016 20:38,False,2345,4346,24/08/2022 23:06,31/12/2023 00:00,srdd_471
484,1243,875,0,21/10/2016 00:28,False,8731,80,01/01/2019 00:00,02/10/2020 03:06,srdd_472
485,2163,151,0,09/04/2015 14:35,False,2381,12490,01/01/2019 00:00,27/12/2020 01:50,srdd_473
486,149,182,1,24/11/2017 15:55,False,486,1014,01/01/2019 00:00,14/04/2020 08:18,srdd_474
487,150,132,0,19/09/2021 19:54,False,336,311,05/12/2021 19:45,05/12/2023 19:45,srdd_475
488,182,40,0,04/12/2019 04:45,False,1524,3042,28/10/2020 19:47,28/10/2022 19:47,srdd_476
489,394,359,0,03/07/2018 19:59,True,2175,9767,01/01/2019 00:00,17/06/2020 03:47,srdd_477
490,327,200,0,29/06/2018 22:33,False,407,470,20/06/2022 10:34,31/12/2023 00:00,srdd_478
491,165,164,0,14/05/2021 13:56,False,238,2,20/11/2021 03:19,20/11/2023 03:19,srdd_479
492,140,87,0,18/12/2018 05:40,False,1126,2944,01/01/2019 00:00,12/11/2020 02:50,srdd_480
493,115,129,0,10/07/2021 19:28,False,1078,442,01/12/2022 23:01,31/12/2023 00:00,srdd_481
494,206,110,0,13/05/2018 10:14,False,937,882,14/12/2020 00:42,14/12/2022 00:42,srdd_482
495,239,227,0,21/11/2019 10:57,False,1399,1884,25/07/2019 00:14,24/07/2021 00:14,srdd_483
496,128,120,0,21/11/2018 19:19,False,234,3575,27/01/2019 08:02,26/01/2021 08:02,srdd_484
497,608,602,0,01/01/2021 19:00,False,7955,236,07/07/2020 15:51,07/07/2022 15:51,srdd_485
498,566,958,0,25/04/2020 16:40,True,2595,1371,28/10/2019 20:17,27/10/2021 20:17,srdd_486
499,904,38,0,15/06/2018 03:27,False,6699,1433,06/11/2019 09:39,05/11/2021 09:39,srdd_487
500,276,86,0,16/05/2020 02:04,False,354,1025,16/05/2022 02:22,31/12/2023 00:00,srdd_488
501,602,270,0,23/05/2013 17:12,False,23100,23304,01/01/2019 00:00,24/02/2020 07:47,srdd_489
502,279,184,0,18/06/2020 05:06,False,694,60,05/09/2021 19:23,05/09/2023 19:23,srdd_490
503,137,74,0,19/02/2012 22:15,False,2685,185,02/05/2019 06:33,01/05/2021 06:33,srdd_491
504,287,123,0,27/02/2018 10:05,False,2780,501,31/03/2019 02:25,30/03/2021 02:25,srdd_492
505,246,30,0,31/12/2017 08:19,False,499,90,01/01/2019 00:00,30/11/2020 19:53,srdd_493
506,1357,646,0,16/09/2019 15:06,True,37642,18059,26/02/2019 18:13,25/02/2021 18:13,srdd_494
507,505,649,0,28/02/2018 04:36,False,987,2321,01/01/2019 00:00,30/10/2020 18:05,srdd_495
508,874,431,0,26/01/2021 16:32,False,3719,1417,04/02/2020 03:13,03/02/2022 03:13,srdd_496
509,363,79,0,16/11/2019 08:21,False,1020,288,01/01/2019 00:00,24/05/2020 18:49,srdd_497
510,389,10,0,20/11/2019 00:29,False,1916,857,01/01/2019 00:00,15/10/2020 22:22,srdd_498
511,173,199,0,21/10/2020 08:39,False,346,428,15/03/2021 10:31,15/03/2023 10:31,srdd_499
512,1115,247,0,17/06/2018 23:58,False,2616,113,01/01/2019 00:00,29/08/2020 02:42,srdd_500
513,209,154,0,08/07/2020 00:45,False,717,1283,09/07/2021 07:08,09/07/2023 07:08,srdd_501
514,668,1267,0,25/02/2019 03:35,False,2285,5130,01/01/2019 00:00,29/09/2020 04:35,srdd_502
515,298,79,0,16/06/2019 07:30,False,774,4575,26/03/2022 10:19,31/12/2023 00:00,srdd_503
516,1902,502,0,24/12/2019 06:59,True,53578,25190,11/03/2019 11:03,10/03/2021 11:03,srdd_504
517,139,135,0,12/09/2018 06:42,False,386,6947,01/01/2019 00:00,16/06/2020 21:22,srdd_505
518,255,271,0,13/11/2018 20:55,False,2235,74,17/10/2022 05:55,31/12/2023 00:00,srdd_506
519,172,265,0,15/11/2019 04:26,False,300,18,01/01/2019 00:00,25/11/2020 01:25,srdd_507
520,1329,570,0,17/02/2018 03:08,False,9219,9337,30/01/2020 05:39,29/01/2022 05:39,srdd_508
521,566,958,0,25/04/2020 16:40,True,2595,1371,13/02/2020 22:08,12/02/2022 22:08,srdd_509
522,605,219,0,12/06/2018 13:03,False,5795,6249,20/01/2020 02:21,19/01/2022 02:21,srdd_510
523,350,73,0,14/04/2018 05:57,False,4106,15295,01/01/2019 00:00,21/03/2020 04:52,srdd_511
524,531,106,0,24/10/2016 18:18,False,6025,11219,19/12/2022 02:08,31/12/2023 00:00,srdd_512
525,955,1909,0,21/05/2016 12:22,False,9581,5368,01/01/2019 00:00,09/07/2020 17:35,srdd_513
526,448,154,0,20/08/2018 16:37,False,2787,185,16/01/2019 16:17,15/01/2021 16:17,srdd_514
527,2339,842,0,17/03/2017 20:32,False,5603,338,01/01/2019 00:00,01/10/2020 14:51,srdd_515
528,1089,1107,0,03/07/2021 14:39,True,5351,11308,10/10/2020 18:03,10/10/2022 18:03,srdd_516
529,711,1380,0,23/02/2018 17:28,False,8629,12534,01/01/2019 00:00,30/05/2020 09:32,srdd_517
530,166,18,0,26/02/2017 16:50,False,3862,7440,01/01/2019 00:00,23/03/2020 02:10,srdd_518
531,989,710,0,26/12/2018 22:24,True,20246,2609,26/05/2021 03:29,26/05/2023 03:29,srdd_519
532,421,603,0,24/06/2019 18:12,False,1691,6007,20/03/2019 05:45,19/03/2021 05:45,srdd_520
533,1181,944,0,09/04/2020 10:19,False,29966,27214,09/12/2020 09:52,09/12/2022 09:52,srdd_521
534,292,45,0,29/03/2019 23:47,True,233,112,01/01/2019 00:00,22/07/2020 05:29,srdd_522
535,1249,2240,0,08/10/2019 00:35,False,5184,8707,15/09/2020 02:24,15/09/2022 02:24,srdd_523
536,727,803,0,05/02/2019 22:07,False,3714,2172,01/01/2019 00:00,09/07/2020 11:30,srdd_524
537,1735,78,0,29/06/2019 00:46,True,30840,6202,16/08/2019 23:27,15/08/2021 23:27,srdd_525
538,553,474,0,09/09/2020 08:41,True,890,478,21/10/2022 23:21,31/12/2023 00:00,srdd_526
539,119,249,0,03/02/2019 23:24,False,214,407,01/09/2019 21:32,31/08/2021 21:32,srdd_527
540,429,148,0,21/04/2018 17:43,False,2278,1971,01/01/2019 00:00,16/01/2020 23:09,srdd_528
541,118,157,0,07/11/2018 15:44,False,185,441,13/06/2022 08:40,31/12/2023 00:00,srdd_529
542,176,231,0,18/02/2019 05:43,False,752,829,01/01/2019 00:00,12/02/2020 06:16,srdd_530
543,115,95,0,05/10/2020 23:40,False,2185,360,01/04/2020 21:20,01/04/2022 21:20,srdd_531
544,2609,756,0,06/11/2018 00:37,False,10147,770,14/04/2019 16:19,13/04/2021 16:19,srdd_532
545,1389,92,0,04/01/2018 02:35,False,4581,3095,01/01/2019 00:00,19/11/2020 15:39,srdd_533
546,2057,54,0,09/01/2018 15:18,False,8111,9849,01/01/2019 00:00,22/08/2020 21:53,srdd_534
547,386,282,0,02/08/2014 23:16,True,2936,4593,22/03/2021 09:49,22/03/2023 09:49,srdd_535
548,496,228,0,07/03/2020 20:03,False,747,1418,14/01/2020 19:08,13/01/2022 19:08,srdd_536
549,119,249,0,03/02/2019 23:24,False,214,407,05/09/2020 05:58,05/09/2022 05:58,srdd_537
550,217,208,0,18/10/2019 22:25,False,348,362,09/11/2022 14:42,31/12/2023 00:00,srdd_538
552,113,101,0,02/04/2019 15:38,False,236,418,19/07/2019 06:16,18/07/2021 06:16,srdd_539
553,101,73,0,16/10/2018 19:15,False,365,5775,02/07/2020 02:18,02/07/2022 02:18,srdd_540
554,236,311,0,19/02/2021 13:26,False,92,417,12/04/2021 16:14,12/04/2023 16:14,srdd_541
555,1541,1906,0,13/05/2015 12:02,True,12062,11288,01/01/2019 00:00,13/06/2020 14:49,srdd_542
556,652,173,0,28/03/2019 22:04,True,826,43055,02/10/2020 10:25,02/10/2022 10:25,srdd_543
557,467,351,0,28/07/2017 21:13,False,2393,1465,01/01/2019 00:00,28/12/2020 23:57,srdd_544
558,166,121,0,15/04/2020 16:11,False,143,31,19/10/2019 14:40,18/10/2021 14:40,srdd_545
559,142,70,0,12/12/2015 00:13,False,599,2308,30/07/2022 19:35,31/12/2023 00:00,srdd_546
560,698,458,0,15/12/2016 22:39,False,3317,1778,05/09/2020 08:34,05/09/2022 08:34,srdd_547
561,149,137,0,04/12/2019 22:42,False,544,224,01/01/2019 00:00,06/09/2020 02:19,srdd_548
562,204,196,0,04/08/2020 08:22,False,529,369,24/01/2022 05:28,31/12/2023 00:00,srdd_549
563,534,558,0,31/03/2020 00:09,False,1180,20920,04/08/2022 11:19,31/12/2023 00:00,srdd_550
564,461,125,0,13/05/2019 11:25,True,2000,783,05/02/2021 06:57,05/02/2023 06:57,srdd_551
565,1760,873,0,15/05/2019 18:49,True,57626,23662,01/01/2019 00:00,14/06/2020 00:46,srdd_552
566,945,427,0,31/03/2018 23:33,False,13716,6653,01/01/2019 00:00,13/10/2020 20:31,srdd_553
567,290,56,0,17/07/2019 05:39,True,1718,10502,17/11/2020 23:04,17/11/2022 23:04,srdd_554
568,207,52,0,25/06/2014 01:22,False,326,498,01/01/2019 00:00,28/05/2020 06:47,srdd_555
569,433,502,0,26/02/2020 03:47,False,3593,318,28/02/2020 01:30,27/02/2022 01:30,srdd_556
570,599,1136,0,03/03/2019 21:13,False,1114,1755,02/12/2021 05:36,02/12/2023 05:36,srdd_557
571,1302,911,0,21/12/2018 07:18,True,11072,9723,07/05/2019 06:04,06/05/2021 06:04,srdd_558
572,535,285,0,08/01/2018 12:35,False,3808,5988,01/01/2019 00:00,03/08/2020 23:49,srdd_559
573,817,140,0,02/06/2013 17:54,False,30820,2593,23/12/2019 18:38,22/12/2021 18:38,srdd_560
574,411,136,0,27/12/2018 04:23,True,2864,9829,01/01/2019 00:00,01/02/2020 18:58,srdd_561
575,255,271,0,13/11/2018 20:55,False,2235,74,01/01/2019 00:00,04/06/2020 01:51,srdd_562
576,233,23,0,07/01/2013 03:18,False,1204,481,01/01/2019 00:00,09/09/2020 08:46,srdd_563
577,135,133,0,22/01/2021 00:07,False,664,141,07/10/2021 06:53,07/10/2023 06:53,srdd_564
578,265,250,0,17/11/2018 00:04,False,679,703,03/12/2020 20:19,03/12/2022 20:19,srdd_565
580,3068,393,0,25/06/2017 02:26,False,86988,4519,01/01/2019 00:00,16/03/2020 00:37,srdd_566
581,315,350,0,26/08/2021 12:24,False,733,41,14/07/2021 13:21,14/07/2023 13:21,srdd_567
582,157,151,0,06/09/2019 14:43,False,298,3286,27/05/2020 19:42,27/05/2022 19:42,srdd_568
583,441,79,0,02/08/2018 21:04,False,2094,2927,01/01/2019 00:00,16/11/2020 19:22,srdd_569
584,220,108,0,09/01/2021 09:36,False,3873,867,23/02/2021 16:10,23/02/2023 16:10,srdd_570
585,313,224,0,17/03/2019 10:00,False,5606,9156,13/01/2020 12:33,12/01/2022 12:33,srdd_571
586,786,391,0,02/04/2017 19:14,True,16458,12300,08/05/2020 08:12,08/05/2022 08:12,srdd_572
587,159,194,0,16/05/2020 21:45,False,285,802,27/08/2021 02:17,27/08/2023 02:17,srdd_573
588,278,208,0,22/01/2019 11:42,False,833,5506,01/01/2019 00:00,05/07/2020 23:41,srdd_574
589,190,91,0,06/05/2020 20:09,False,100,419,26/08/2019 10:30,25/08/2021 10:30,srdd_575
590,298,220,0,03/11/2020 04:47,False,493,651,19/09/2021 06:34,19/09/2023 06:34,srdd_576
591,365,300,0,22/05/2019 08:03,True,1512,18441,02/07/2019 13:25,01/07/2021 13:25,srdd_577
592,207,436,0,24/09/2019 07:59,False,1023,6626,28/02/2020 18:01,27/02/2022 18:01,srdd_578
593,1691,664,0,29/12/2019 16:49,False,1586,2585,14/12/2020 04:58,14/12/2022 04:58,srdd_579
594,2207,1669,0,12/09/2018 17:21,False,25365,34488,01/01/2019 00:00,16/12/2020 14:49,srdd_580
595,1234,513,0,24/05/2018 11:46,False,15377,6528,23/05/2021 09:45,23/05/2023 09:45,srdd_581
597,1860,679,0,07/11/2017 20:03,True,9595,6242,04/01/2020 15:15,03/01/2022 15:15,srdd_582
598,107,61,1,15/08/2018 16:25,False,227,17,01/01/2019 00:00,06/02/2020 20:47,srdd_583
599,200,129,0,01/12/2019 16:50,True,1145,336,01/01/2019 00:00,17/08/2020 11:46,srdd_584
600,269,177,0,14/06/2018 01:34,False,624,459,03/12/2019 08:53,02/12/2021 08:53,srdd_585
601,242,242,0,18/04/2021 08:14,False,416,179,26/05/2020 00:48,26/05/2022 00:48,srdd_586
602,446,227,0,29/04/2019 11:54,True,1379,18982,15/04/2019 16:03,14/04/2021 16:03,srdd_587
603,194,40,0,05/06/2020 08:36,False,407,2645,06/10/2022 18:58,31/12/2023 00:00,srdd_588
604,766,433,0,10/07/2019 03:07,False,6922,14809,19/11/2019 14:06,18/11/2021 14:06,srdd_589
605,149,137,0,04/12/2019 22:42,False,544,224,01/01/2019 00:00,03/01/2020 12:36,srdd_590
606,115,95,0,05/10/2020 23:40,False,2185,360,12/06/2022 19:10,31/12/2023 00:00,srdd_591
607,265,98,0,04/02/2019 00:31,False,2932,5254,21/08/2022 00:22,31/12/2023 00:00,srdd_592
608,927,270,0,20/01/2020 09:56,True,8867,1338,16/02/2019 06:25,15/02/2021 06:25,srdd_593
609,178,176,0,21/05/2018 17:48,False,1248,3308,01/01/2019 00:00,31/03/2020 20:23,srdd_594
610,118,157,0,07/11/2018 15:44,False,185,441,04/08/2019 05:08,03/08/2021 05:08,srdd_595
611,315,404,0,01/08/2020 00:04,False,1184,2701,03/07/2020 10:31,03/07/2022 10:31,srdd_596
612,358,112,0,10/11/2020 01:46,False,725,666,20/11/2019 20:22,19/11/2021 20:22,srdd_597
613,106,196,0,06/01/2020 02:21,False,76,828,13/10/2019 01:11,12/10/2021 01:11,srdd_598
614,512,108,0,11/01/2021 20:45,False,3529,602,20/11/2020 06:40,20/11/2022 06:40,srdd_599
615,1575,2008,0,16/12/2018 20:44,False,10377,573,08/05/2019 15:56,07/05/2021 15:56,srdd_600
616,126,182,0,21/03/2019 21:15,False,612,4,18/03/2019 15:42,17/03/2021 15:42,srdd_601
617,2596,1821,0,23/05/2019 04:32,False,29639,14039,26/01/2022 20:34,31/12/2023 00:00,srdd_602
618,416,322,0,04/10/2019 13:29,True,5485,193,01/01/2019 00:00,11/03/2020 12:11,srdd_603
619,1604,280,0,19/07/2018 23:50,False,4640,9226,01/01/2019 00:00,07/01/2020 11:05,srdd_604
620,2109,96,0,04/12/2016 08:05,True,382,1523,09/01/2022 14:17,31/12/2023 00:00,srdd_605
621,214,10,0,08/11/2014 20:24,False,3128,1030,01/01/2019 00:00,09/09/2020 04:40,srdd_606
622,543,194,0,22/01/2016 20:21,False,2040,761,02/03/2019 02:09,01/03/2021 02:09,srdd_607
623,816,665,0,22/07/2020 10:16,False,4920,6306,03/05/2021 05:43,03/05/2023 05:43,srdd_608
624,764,1471,0,29/01/2019 01:26,False,2519,505,10/04/2020 01:40,10/04/2022 01:40,srdd_609
625,240,216,0,14/02/2021 19:09,True,445,624,26/12/2020 20:37,26/12/2022 20:37,srdd_610
626,885,195,0,18/01/2019 13:34,False,7661,11203,01/01/2019 00:00,03/11/2020 04:01,srdd_611
627,161,93,0,02/11/2017 20:46,False,674,2651,10/05/2019 15:32,09/05/2021 15:32,srdd_612
628,127,118,0,04/07/2020 13:55,False,261,16,06/11/2020 11:43,06/11/2022 11:43,srdd_613
629,214,58,0,24/06/2012 19:14,False,3011,1910,07/03/2020 04:15,07/03/2022 04:15,srdd_614
630,177,105,0,18/07/2019 14:26,False,1232,1953,01/01/2019 00:00,09/07/2020 23:11,srdd_615
631,364,196,0,07/10/2019 21:59,False,7574,270,01/01/2019 00:00,08/12/2020 12:54,srdd_616
632,410,326,0,18/03/2021 02:39,False,9430,203,07/07/2022 12:04,31/12/2023 00:00,srdd_617
633,446,511,1,04/01/2019 21:20,False,1378,17409,01/01/2019 00:00,01/09/2020 14:33,srdd_618
634,200,198,0,13/08/2018 20:13,False,2698,467,17/10/2020 20:48,17/10/2022 20:48,srdd_619
635,502,201,1,29/12/2018 17:44,False,798,169,01/01/2019 00:00,19/11/2020 20:32,srdd_620
636,638,278,0,27/12/2018 11:52,False,1347,1615,01/01/2019 00:00,08/01/2020 20:39,srdd_621
637,1107,147,0,30/12/2019 21:35,False,30841,642,16/04/2019 02:38,15/04/2021 02:38,srdd_622
638,294,115,0,04/06/2018 19:43,False,1392,234,27/12/2019 13:00,26/12/2021 13:00,srdd_623
639,147,147,0,06/05/2019 04:53,False,373,1415,01/01/2019 00:00,12/08/2020 14:40,srdd_624
640,217,186,0,11/01/2021 00:34,False,1050,438,19/12/2021 02:31,19/12/2023 02:31,srdd_625
641,142,70,0,12/12/2015 00:13,False,599,2308,14/07/2020 20:07,14/07/2022 20:07,srdd_626
642,1389,700,0,04/04/2019 02:05,True,6879,15710,07/03/2019 20:56,06/03/2021 20:56,srdd_627
643,187,57,0,06/05/2019 13:28,False,305,372,01/01/2022 15:39,31/12/2023 00:00,srdd_628
644,657,91,0,22/04/2016 14:04,False,6161,1,03/08/2022 09:17,31/12/2023 00:00,srdd_629
645,519,827,0,15/01/2019 03:39,False,1835,2528,25/05/2021 03:13,25/05/2023 03:13,srdd_630
646,188,35,0,16/10/2019 04:20,False,219,49,01/01/2019 00:00,16/10/2020 22:05,srdd_631
647,321,310,0,02/01/2020 15:12,True,857,2990,17/11/2019 23:33,16/11/2021 23:33,srdd_632
648,383,236,0,18/03/2017 12:09,False,1434,327,01/01/2019 00:00,09/04/2020 08:10,srdd_633
649,173,68,1,16/04/2018 00:10,False,465,5847,01/01/2019 00:00,28/08/2020 23:13,srdd_634
650,368,304,0,27/05/2016 08:45,False,7896,4452,01/01/2019 00:00,20/04/2020 23:29,srdd_635
651,555,409,0,20/12/2019 18:16,True,3480,1757,01/06/2019 20:13,31/05/2021 20:13,srdd_636
652,109,255,0,11/04/2019 09:19,False,280,1498,01/01/2019 00:00,10/04/2020 04:15,srdd_637
653,343,254,0,19/05/2017 06:28,False,2488,32302,02/03/2019 23:13,01/03/2021 23:13,srdd_638
654,155,45,0,24/01/2017 13:19,False,291,1368,08/07/2019 23:44,07/07/2021 23:44,srdd_639
655,1132,624,0,27/03/2018 04:05,False,8803,8357,01/01/2019 00:00,12/10/2020 20:13,srdd_640
656,553,524,0,02/06/2019 21:32,False,3310,1933,26/07/2019 14:49,25/07/2021 14:49,srdd_641
657,662,765,0,25/10/2014 02:09,True,6590,232,15/05/2019 21:23,14/05/2021 21:23,srdd_642
658,599,1136,0,03/03/2019 21:13,False,1114,1755,01/01/2019 00:00,20/07/2020 03:48,srdd_643
659,155,45,0,24/01/2017 13:19,False,291,1368,01/01/2019 00:00,29/07/2020 12:30,srdd_644
660,423,175,0,09/05/2020 05:07,False,608,13118,29/01/2021 17:23,29/01/2023 17:23,srdd_645
661,372,179,0,24/06/2017 19:32,False,5912,868,12/11/2020 03:52,12/11/2022 03:52,srdd_646
662,114,26,1,05/04/2017 02:00,True,2210,3188,01/01/2019 00:00,13/02/2020 08:21,srdd_647
663,117,93,0,24/07/2019 01:21,False,181,251,15/05/2021 12:33,15/05/2023 12:33,srdd_648
664,126,182,0,21/03/2019 21:15,False,612,4,01/01/2019 00:00,11/04/2020 22:10,srdd_649
665,1575,2008,0,16/12/2018 20:44,False,10377,573,28/02/2020 10:59,27/02/2022 10:59,srdd_650
666,634,132,1,13/06/2019 03:00,False,4673,3330,01/01/2019 00:00,13/10/2020 06:10,srdd_651
667,151,106,0,22/06/2019 01:12,False,1638,3006,01/01/2019 00:00,23/11/2020 14:42,srdd_652
668,2720,776,0,08/05/2016 08:16,False,16630,7317,17/06/2020 14:01,17/06/2022 14:01,srdd_653
669,131,197,0,29/08/2019 23:52,False,291,295,18/02/2019 00:19,17/02/2021 00:19,srdd_654
670,170,170,0,25/03/2019 10:15,False,292,6279,01/01/2019 00:00,10/06/2020 22:54,srdd_655
671,1153,118,0,23/10/2019 22:10,True,13416,4314,01/01/2019 00:00,06/10/2020 02:45,srdd_656
672,571,197,0,26/03/2019 01:55,True,1023,2211,01/01/2019 00:00,26/03/2020 17:14,srdd_657
673,553,70,0,25/06/2018 17:41,False,4472,14990,01/01/2019 00:00,05/01/2020 18:46,srdd_658
674,457,122,0,20/10/2019 00:14,True,2891,5835,12/11/2019 08:24,11/11/2021 08:24,srdd_659
675,2351,1258,0,24/08/2014 17:46,False,34672,515,01/01/2019 00:00,10/07/2020 17:48,srdd_660
676,719,73,0,02/09/2016 23:17,False,2975,2841,11/02/2022 17:18,31/12/2023 00:00,srdd_661
677,986,604,0,29/07/2017 10:19,False,5501,1419,23/08/2022 21:45,31/12/2023 00:00,srdd_662
678,653,588,0,22/10/2018 21:01,False,4549,248,01/01/2019 00:00,25/01/2020 00:36,srdd_663
679,450,132,1,20/04/2019 06:06,False,2029,267,03/08/2020 12:00,03/08/2022 12:00,srdd_664
680,119,249,0,03/02/2019 23:24,False,214,407,01/01/2019 00:00,24/03/2020 19:57,srdd_665
681,129,144,0,17/04/2019 16:16,False,317,1613,01/01/2019 00:00,09/09/2020 02:13,srdd_666
682,118,157,0,07/11/2018 15:44,False,185,441,13/09/2019 17:37,12/09/2021 17:37,srdd_667
683,131,197,0,29/08/2019 23:52,False,291,295,17/06/2022 20:42,31/12/2023 00:00,srdd_668
684,226,113,0,14/08/2020 21:05,False,1795,21982,13/06/2022 18:38,31/12/2023 00:00,srdd_669
685,269,96,0,06/08/2018 18:07,False,5956,13979,01/01/2019 00:00,14/01/2020 18:44,srdd_670
686,143,35,0,26/02/2019 16:55,False,1064,738,01/01/2019 00:00,03/04/2020 22:32,srdd_671
687,428,533,0,07/04/2019 14:43,False,6108,26619,01/01/2019 00:00,19/07/2020 15:57,srdd_672
688,535,200,0,28/01/2019 19:02,False,2517,5014,03/09/2020 18:29,03/09/2022 18:29,srdd_673
689,955,1909,0,21/05/2016 12:22,False,9581,5368,01/01/2019 00:00,16/02/2020 16:21,srdd_674
690,203,69,0,18/07/2018 01:47,False,426,1325,01/01/2019 00:00,02/02/2020 21:33,srdd_675
691,118,63,0,06/07/2018 22:45,False,4837,32,01/08/2021 22:39,01/08/2023 22:39,srdd_676
692,419,261,0,12/12/2019 21:52,False,2924,4166,11/06/2021 05:11,11/06/2023 05:11,srdd_677
693,448,305,0,08/07/2018 06:56,True,17614,18246,13/08/2019 10:07,12/08/2021 10:07,srdd_678
694,201,166,0,17/07/2020 08:14,False,1043,139,25/04/2021 20:05,25/04/2023 20:05,srdd_679
695,462,151,0,16/01/2013 07:19,False,2395,1308,21/07/2021 23:28,21/07/2023 23:28,srdd_680
696,1219,616,0,23/09/2017 01:26,False,4076,1203,29/06/2021 21:01,29/06/2023 21:01,srdd_681
697,137,63,0,05/01/2019 19:52,False,269,3695,30/01/2020 10:40,29/01/2022 10:40,srdd_682
698,222,141,0,31/12/2019 12:57,False,574,247,09/02/2020 13:21,08/02/2022 13:21,srdd_683
699,519,827,0,15/01/2019 03:39,False,1835,2528,04/09/2019 03:03,03/09/2021 03:03,srdd_684
700,3721,1503,0,13/11/2018 06:15,True,141774,7725,27/07/2020 13:38,27/07/2022 13:38,srdd_685
701,157,151,0,06/09/2019 14:43,False,298,3286,08/05/2019 15:01,07/05/2021 15:01,srdd_686
702,480,186,0,11/11/2018 17:41,True,817,2844,01/01/2019 00:00,02/09/2020 04:02,srdd_687
703,325,13,1,04/08/2019 19:38,False,3567,698,01/01/2019 00:00,15/08/2020 01:51,srdd_688
704,2474,1032,0,19/08/2016 14:59,False,69876,11520,18/04/2022 00:39,31/12/2023 00:00,srdd_689
705,386,282,0,02/08/2014 23:16,False,2936,4593,01/01/2019 00:00,06/08/2020 22:36,srdd_690
706,643,32,0,17/06/2020 03:09,False,733,533,25/09/2022 20:21,31/12/2023 00:00,srdd_691
707,185,107,0,02/07/2020 03:23,False,467,347,26/05/2019 05:53,25/05/2021 05:53,srdd_692
708,428,533,0,07/04/2019 14:43,False,6108,26619,01/01/2019 00:00,08/10/2020 15:46,srdd_693
709,1314,787,0,18/04/2014 15:50,False,16929,9220,27/05/2021 17:36,27/05/2023 17:36,srdd_694
710,253,151,0,04/07/2020 23:36,False,634,931,21/11/2019 15:01,20/11/2021 15:01,srdd_695
711,592,415,0,18/04/2020 17:34,False,6404,5647,26/06/2020 02:00,26/06/2022 02:00,srdd_696
712,662,765,0,25/10/2014 02:09,True,6590,232,04/04/2022 16:39,31/12/2023 00:00,srdd_697
713,148,79,0,18/10/2014 16:21,False,3769,7910,05/09/2019 18:54,04/09/2021 18:54,srdd_698
715,634,411,0,02/07/2020 18:24,False,4830,932,30/06/2021 04:02,30/06/2023 04:02,srdd_699
716,176,231,0,18/02/2019 05:43,False,752,829,03/01/2020 06:16,02/01/2022 06:16,srdd_700
717,563,11,0,09/07/2020 03:52,False,3533,3979,27/11/2019 01:51,26/11/2021 01:51,srdd_701
718,233,102,0,24/04/2017 15:54,False,1089,3421,01/01/2019 00:00,21/02/2020 02:30,srdd_702
719,106,62,0,05/09/2020 17:42,False,431,509,14/06/2019 00:01,13/06/2021 00:01,srdd_703
720,373,645,0,26/07/2019 04:05,False,1644,2591,28/11/2019 08:49,27/11/2021 08:49,srdd_704
721,365,315,0,02/11/2018 13:40,True,1824,1913,01/01/2019 00:00,22/01/2020 00:32,srdd_705
722,244,173,0,07/09/2020 06:11,False,732,93,26/11/2019 01:56,25/11/2021 01:56,srdd_706
724,1329,570,0,17/02/2018 03:08,False,9219,9337,01/01/2019 00:00,19/05/2020 20:11,srdd_707
725,109,255,0,11/04/2019 09:19,False,280,1498,02/07/2019 20:47,01/07/2021 20:47,srdd_708
726,359,13,0,18/04/2019 22:44,False,372,765,03/05/2019 16:45,02/05/2021 16:45,srdd_709
727,1561,2011,0,28/03/2019 20:23,False,6470,6883,14/01/2020 11:57,13/01/2022 11:57,srdd_710
728,133,26,0,18/10/2019 00:25,False,96,177,18/05/2021 20:38,18/05/2023 20:38,srdd_711
729,1066,582,0,27/02/2019 22:07,True,2137,4353,24/02/2019 20:19,23/02/2021 20:19,srdd_712
730,2145,1042,0,07/12/2020 15:53,False,18293,132,23/12/2020 00:21,23/12/2022 00:21,srdd_713
731,553,474,0,09/09/2020 08:41,True,890,478,05/12/2020 22:39,05/12/2022 22:39,srdd_714
732,134,117,0,04/02/2020 00:31,False,491,1125,23/11/2019 10:08,22/11/2021 10:08,srdd_715
733,199,114,0,17/01/2020 07:32,False,646,1038,03/10/2019 14:41,02/10/2021 14:41,srdd_716
734,257,222,0,06/01/2019 13:27,False,1253,1238,10/05/2020 00:55,10/05/2022 00:55,srdd_717
735,495,364,0,08/07/2019 03:14,False,1310,1954,20/01/2020 04:27,19/01/2022 04:27,srdd_718
736,640,253,0,05/11/2020 16:02,False,868,6792,05/12/2020 09:53,05/12/2022 09:53,srdd_719
737,113,169,0,03/08/2020 02:50,False,119,522,12/12/2019 00:14,11/12/2021 00:14,srdd_720
738,1994,345,0,21/03/2018 21:46,True,2552,13996,01/01/2019 00:00,04/07/2020 04:30,srdd_721
739,120,72,0,24/09/2020 23:04,False,790,417,26/01/2020 03:42,25/01/2022 03:42,srdd_722
740,1062,99,0,16/01/2019 16:23,False,23405,8263,01/01/2019 00:00,16/04/2020 22:02,srdd_723
741,108,110,1,02/02/2020 02:50,False,865,18,01/04/2019 00:17,31/03/2021 00:17,srdd_724
742,207,436,0,24/09/2019 07:59,False,1023,6626,02/02/2019 14:12,01/02/2021 14:12,srdd_725
743,333,284,0,16/01/2019 22:38,False,921,115,01/01/2019 00:00,20/02/2020 02:02,srdd_726
744,173,123,0,22/10/2019 01:30,False,764,218,01/01/2019 00:00,11/07/2020 00:05,srdd_727
745,128,41,0,19/07/2018 11:17,False,828,417,01/01/2019 00:00,07/11/2020 16:02,srdd_728
746,172,265,0,15/11/2019 04:26,False,300,18,25/07/2022 06:17,31/12/2023 00:00,srdd_729
747,174,101,0,26/03/2019 19:19,False,331,10910,01/01/2019 00:00,19/05/2020 16:35,srdd_730
748,588,201,0,23/01/2018 17:27,False,3791,5327,07/12/2022 01:36,31/12/2023 00:00,srdd_731
749,534,558,0,31/03/2020 00:09,False,1180,20920,27/10/2022 13:24,31/12/2023 00:00,srdd_732
750,166,56,0,10/08/2017 22:46,False,269,539,14/01/2019 00:37,13/01/2021 00:37,srdd_733
751,1052,1380,0,24/04/2021 00:41,False,5906,1391,29/04/2020 03:15,29/04/2022 03:15,srdd_734
752,274,60,0,18/08/2017 03:11,False,1783,1357,03/12/2021 05:17,03/12/2023 05:17,srdd_735
753,315,404,0,01/08/2020 00:04,False,1184,2701,08/03/2019 08:10,07/03/2021 08:10,srdd_736
754,137,72,0,15/03/2019 14:16,False,999,8655,01/01/2019 00:00,05/01/2020 13:53,srdd_737
755,278,139,0,21/01/2019 12:36,False,780,3436,08/06/2019 12:55,07/06/2021 12:55,srdd_738
756,416,629,0,21/11/2016 01:08,False,2698,1620,01/01/2019 00:00,03/04/2020 00:31,srdd_739
757,794,308,0,21/03/2017 03:23,False,7025,2372,29/01/2020 00:15,28/01/2022 00:15,srdd_740
758,125,224,0,18/08/2020 13:08,False,181,413,10/05/2020 16:25,10/05/2022 16:25,srdd_741
759,295,274,0,01/04/2020 23:10,False,2621,5723,12/10/2020 04:28,12/10/2022 04:28,srdd_742
760,476,427,0,27/07/2019 17:54,True,4815,7141,04/06/2019 06:51,03/06/2021 06:51,srdd_743
761,1028,1723,0,20/02/2020 20:53,False,9005,13008,19/02/2020 21:36,18/02/2022 21:36,srdd_744
762,1650,787,0,25/06/2021 19:40,False,11954,2395,12/05/2022 19:03,31/12/2023 00:00,srdd_745
763,727,803,0,05/02/2019 22:07,False,3714,2172,15/04/2019 19:07,14/04/2021 19:07,srdd_746
764,560,45,0,16/01/2021 11:28,False,3288,390,11/03/2022 12:32,31/12/2023 00:00,srdd_747
765,1115,247,0,17/06/2018 23:58,False,2616,113,01/01/2019 00:00,23/10/2020 16:36,srdd_748
766,769,945,0,28/09/2019 12:01,False,7028,16106,09/09/2020 10:06,09/09/2022 10:06,srdd_749
768,139,147,0,04/06/2021 00:16,False,388,177,19/10/2020 04:16,19/10/2022 04:16,srdd_750
769,678,141,0,21/06/2019 01:19,False,3380,2196,31/05/2021 04:54,31/05/2023 04:54,srdd_751
770,608,323,0,30/05/2019 04:40,True,439,449,27/08/2019 14:45,26/08/2021 14:45,srdd_752
771,667,167,0,10/03/2019 09:47,True,1911,7197,19/06/2021 06:57,19/06/2023 06:57,srdd_753
772,141,202,0,19/01/2019 20:37,False,713,145,19/08/2019 11:57,18/08/2021 11:57,srdd_754
773,380,365,0,27/02/2019 14:14,False,1601,674,20/04/2019 20:16,19/04/2021 20:16,srdd_755
774,223,110,0,03/05/2017 00:18,False,3171,11808,01/01/2019 00:00,20/08/2020 22:27,srdd_756
775,306,370,0,09/12/2019 06:35,True,425,206,13/06/2021 04:26,13/06/2023 04:26,srdd_757
776,668,283,0,03/12/2016 01:07,False,6714,3452,05/04/2022 11:42,31/12/2023 00:00,srdd_758
777,296,499,0,24/06/2021 20:28,False,636,677,25/05/2020 17:19,25/05/2022 17:19,srdd_759
778,193,192,0,07/09/2019 02:00,False,275,103,01/01/2019 00:00,09/07/2020 09:25,srdd_760
779,373,476,0,17/05/2020 13:31,False,1975,3821,22/04/2021 23:36,22/04/2023 23:36,srdd_761
780,1388,1387,0,09/12/2018 18:07,True,7592,35801,27/07/2019 23:21,26/07/2021 23:21,srdd_762
781,635,121,0,16/02/2017 22:44,True,3151,6995,07/07/2021 12:42,07/07/2023 12:42,srdd_763
782,327,200,0,29/06/2018 22:33,False,407,470,01/01/2019 00:00,14/03/2020 18:51,srdd_764
783,141,202,0,19/01/2019 20:37,False,713,145,08/04/2019 06:31,07/04/2021 06:31,srdd_765
784,494,10,0,25/02/2019 20:45,False,3846,5197,02/04/2021 19:01,02/04/2023 19:01,srdd_766
785,372,191,0,11/10/2019 10:39,False,693,1052,26/03/2019 23:45,25/03/2021 23:45,srdd_767
786,967,659,0,16/12/2014 05:11,False,5850,753,10/08/2022 22:13,31/12/2023 00:00,srdd_768
787,292,299,0,19/02/2019 20:47,False,2288,167,29/03/2021 03:56,29/03/2023 03:56,srdd_769
788,295,274,0,01/04/2020 23:10,False,2621,5723,29/12/2019 00:01,28/12/2021 00:01,srdd_770
789,1136,1107,0,26/08/2019 00:39,False,4909,168,06/06/2022 08:57,31/12/2023 00:00,srdd_771
790,711,1380,0,23/02/2018 17:28,False,8629,12534,01/01/2019 00:00,01/01/2020 08:23,srdd_772
791,488,313,0,06/02/2020 17:41,False,816,4037,03/02/2020 17:45,02/02/2022 17:45,srdd_773
792,167,75,0,15/04/2020 14:24,False,423,2018,10/05/2022 18:12,31/12/2023 00:00,srdd_774
793,126,182,0,21/03/2019 21:15,False,612,4,01/01/2019 00:00,30/07/2020 22:14,srdd_775
794,279,19,0,17/03/2019 14:43,False,885,1807,01/01/2019 00:00,19/03/2020 19:28,srdd_776
795,377,176,1,08/02/2020 22:16,False,7684,8306,30/05/2020 03:06,30/05/2022 03:06,srdd_777
796,111,624,0,23/11/2021 05:02,False,364,1,21/01/2022 14:25,31/12/2023 00:00,srdd_778
797,205,197,0,27/06/2021 17:53,True,799,319,20/12/2021 19:05,20/12/2023 19:05,srdd_779
798,803,470,0,25/07/2018 03:39,True,13652,30515,01/01/2019 00:00,22/04/2020 14:34,srdd_780
799,398,298,0,30/12/2016 04:00,False,3095,2956,17/08/2021 21:08,17/08/2023 21:08,srdd_781
800,879,1243,0,17/04/2020 17:45,True,4052,11347,14/09/2019 23:25,13/09/2021 23:25,srdd_782
801,2163,151,0,09/04/2015 14:35,False,2381,12490,22/04/2019 01:11,21/04/2021 01:11,srdd_783
802,872,408,0,07/02/2019 16:24,False,6701,3165,12/12/2022 21:24,31/12/2023 00:00,srdd_784
803,292,267,1,21/06/2020 22:13,False,2835,67,09/12/2022 22:19,31/12/2023 00:00,srdd_785
804,807,436,0,23/12/2018 21:29,True,5014,19266,05/09/2020 11:07,05/09/2022 11:07,srdd_786
805,151,106,0,22/06/2019 01:12,False,1638,3006,30/03/2020 22:53,30/03/2022 22:53,srdd_787
806,646,632,0,15/03/2020 22:05,False,4555,421,16/02/2022 07:22,31/12/2023 00:00,srdd_788
807,520,217,0,13/05/2020 02:14,True,2453,1359,10/02/2022 12:17,31/12/2023 00:00,srdd_789
808,1814,1612,0,21/05/2018 18:28,False,11182,1267,24/09/2021 13:54,24/09/2023 13:54,srdd_790
809,467,229,0,26/01/2019 20:25,False,2825,1106,01/01/2019 00:00,28/10/2020 16:31,srdd_791
810,570,124,0,12/02/2018 10:48,False,6809,1472,01/01/2019 00:00,01/05/2020 18:57,srdd_792
811,1413,706,0,23/07/2020 13:38,False,13944,4321,05/06/2022 04:10,31/12/2023 00:00,srdd_793
812,365,479,0,01/12/2021 18:20,False,281,574,21/05/2020 04:16,21/05/2022 04:16,srdd_794
813,727,547,0,02/02/2021 02:04,False,5281,7640,03/08/2021 02:57,03/08/2023 02:57,srdd_795
814,193,192,0,07/09/2019 02:00,False,275,103,18/09/2020 22:23,18/09/2022 22:23,srdd_796
815,487,421,0,16/11/2019 22:24,False,6454,4330,30/09/2021 02:40,30/09/2023 02:40,srdd_797
816,713,543,0,21/03/2021 22:40,False,4762,2875,03/04/2021 00:26,03/04/2023 00:26,srdd_798
817,311,155,0,30/08/2020 20:21,False,1874,7695,01/11/2019 20:09,31/10/2021 20:09,srdd_799
818,101,200,0,24/03/2021 15:57,False,143,278,04/05/2022 21:56,31/12/2023 00:00,srdd_800
819,874,431,0,26/01/2021 16:32,False,3719,1417,26/04/2020 23:00,26/04/2022 23:00,srdd_801
820,211,241,0,11/11/2019 22:25,False,1073,455,01/01/2019 00:00,27/11/2020 20:31,srdd_802
821,111,109,0,17/03/2019 02:28,False,60,313,26/10/2019 23:26,25/10/2021 23:26,srdd_803
823,144,86,0,17/08/2016 14:36,False,266,13643,01/01/2019 00:00,07/07/2020 23:16,srdd_804
824,300,121,0,17/04/2015 04:16,False,17204,19369,22/09/2019 00:37,21/09/2021 00:37,srdd_805
825,117,42,0,05/05/2017 23:09,False,904,7667,01/01/2019 00:00,17/05/2020 17:07,srdd_806
826,1576,304,0,20/02/2019 18:46,False,7911,4497,01/01/2019 00:00,31/05/2020 03:09,srdd_807
827,109,96,0,04/12/2016 08:05,False,382,1523,11/12/2019 05:40,10/12/2021 05:40,srdd_808
828,1083,1385,0,05/03/2020 23:22,False,13260,13055,04/05/2020 22:46,04/05/2022 22:46,srdd_809
829,423,221,0,24/08/2020 07:26,False,800,1427,24/11/2019 22:23,23/11/2021 22:23,srdd_810
830,588,582,0,11/11/2021 22:59,False,4889,1890,29/11/2021 02:26,29/11/2023 02:26,srdd_811
831,796,151,0,24/11/2018 14:26,False,7575,8,19/01/2019 11:15,18/01/2021 11:15,srdd_812
832,426,215,0,17/06/2020 22:31,False,990,3150,17/06/2019 03:09,16/06/2021 03:09,srdd_813
833,171,109,0,09/10/2020 16:32,True,357,940,21/10/2022 23:59,31/12/2023 00:00,srdd_814
834,787,10,0,01/01/2020 16:56,False,16813,1379,17/09/2019 03:31,16/09/2021 03:31,srdd_815
835,627,389,0,22/09/2018 22:04,False,2234,14346,30/01/2022 17:19,31/12/2023 00:00,srdd_816
836,698,458,0,15/12/2016 22:39,False,3317,1778,31/10/2020 07:33,31/10/2022 07:33,srdd_817
837,1749,307,0,17/08/2016 17:46,False,32346,3867,01/01/2019 00:00,21/04/2020 00:12,srdd_818
839,228,58,0,22/01/2020 10:10,False,1283,322,10/05/2021 03:30,10/05/2023 03:30,srdd_819
841,259,15,0,16/06/2011 05:04,True,9183,19129,01/01/2019 00:00,23/05/2020 23:28,srdd_820
842,393,148,0,13/07/2016 23:10,False,3277,3239,01/01/2019 00:00,17/02/2020 19:35,srdd_821
843,179,21,0,28/09/2020 03:14,False,1050,348,06/05/2020 08:35,06/05/2022 08:35,srdd_822
844,391,124,0,28/01/2019 03:06,False,1205,112,15/08/2020 03:00,15/08/2022 03:00,srdd_823
845,155,23,0,22/01/2019 01:09,False,361,5553,01/01/2019 00:00,02/12/2020 11:46,srdd_824
846,317,47,0,04/04/2021 14:39,False,3493,303,07/06/2020 20:40,07/06/2022 20:40,srdd_825
847,243,240,0,22/12/2021 10:56,True,755,629,14/07/2022 01:05,31/12/2023 00:00,srdd_826
848,303,331,0,25/07/2017 06:01,True,1441,1701,27/07/2019 00:47,26/07/2021 00:47,srdd_827
849,314,180,0,14/05/2020 08:40,False,3185,10984,17/11/2020 15:27,17/11/2022 15:27,srdd_828
850,537,150,0,18/06/2017 22:50,False,4425,424,01/01/2019 00:00,21/07/2020 08:11,srdd_829
851,152,25,0,11/04/2016 16:53,False,884,1572,01/01/2019 00:00,14/10/2020 07:37,srdd_830
852,216,71,0,17/10/2016 15:27,False,487,8332,01/01/2019 00:00,28/03/2020 12:58,srdd_831
853,258,269,0,27/11/2019 09:07,False,731,1184,02/03/2019 02:34,01/03/2021 02:34,srdd_832
854,189,141,0,02/03/2020 03:24,False,1375,2993,22/10/2019 20:25,21/10/2021 20:25,srdd_833
855,104,73,0,03/06/2017 18:47,False,338,379,28/12/2019 06:08,27/12/2021 06:08,srdd_834
856,816,419,0,16/12/2020 07:10,False,17272,209,17/07/2020 17:04,17/07/2022 17:04,srdd_835
857,157,62,0,20/06/2018 00:42,True,247,9210,01/01/2019 00:00,31/01/2020 22:31,srdd_836
858,139,198,0,09/04/2020 01:12,False,6,124,09/07/2020 11:22,09/07/2022 11:22,srdd_837
859,168,124,0,25/05/2020 18:24,False,476,9758,01/08/2019 23:52,31/07/2021 23:52,srdd_838
860,640,253,0,05/11/2020 16:02,False,868,6792,23/03/2020 10:17,23/03/2022 10:17,srdd_839
861,111,38,0,24/03/2017 13:13,False,772,7150,01/01/2019 00:00,17/11/2020 01:30,srdd_840
862,1320,1146,0,18/01/2018 19:28,False,5635,1262,09/12/2021 06:07,09/12/2023 06:07,srdd_841
863,260,123,0,27/08/2019 22:17,False,1543,11475,13/07/2019 23:25,12/07/2021 23:25,srdd_842
864,194,85,0,05/11/2018 14:35,False,2203,385,14/01/2022 23:27,31/12/2023 00:00,srdd_843
865,1479,560,0,19/07/2020 20:36,True,13078,3345,16/08/2022 05:51,31/12/2023 00:00,srdd_844
866,186,38,0,03/11/2018 21:55,False,137,165,02/05/2019 23:32,01/05/2021 23:32,srdd_845
867,102,43,0,12/05/2020 20:58,False,471,1029,22/02/2020 19:47,21/02/2022 19:47,srdd_846
868,432,373,0,05/11/2019 22:06,False,1101,794,04/03/2022 17:42,31/12/2023 00:00,srdd_847
869,1356,903,0,12/07/2019 07:43,True,2840,3526,24/06/2019 02:53,23/06/2021 02:53,srdd_848
870,168,163,0,14/11/2020 16:29,False,692,11,05/04/2022 08:24,31/12/2023 00:00,srdd_849
872,324,41,0,26/05/2019 16:45,False,1792,4334,30/05/2020 13:30,30/05/2022 13:30,srdd_850
873,185,29,0,27/07/2018 05:01,False,1051,213,01/01/2019 00:00,16/04/2020 14:43,srdd_851
874,2235,1268,0,27/02/2019 02:15,False,52012,9180,13/01/2019 20:26,12/01/2021 20:26,srdd_852
875,171,330,0,12/08/2020 02:14,False,109,23,28/12/2019 03:08,27/12/2021 03:08,srdd_853
876,613,309,0,01/07/2017 02:21,False,1396,216,28/01/2020 03:42,27/01/2022 03:42,srdd_854
877,353,54,0,01/01/2014 16:32,False,2548,1401,01/01/2019 00:00,13/12/2020 07:53,srdd_855
878,628,300,0,13/05/2019 01:24,True,1560,6404,01/01/2019 00:00,17/06/2020 03:21,srdd_856
880,147,116,0,05/06/2019 21:14,False,199,265,08/02/2019 00:40,07/02/2021 00:40,srdd_857
881,195,184,0,12/05/2019 14:07,False,2111,264,25/09/2022 11:11,31/12/2023 00:00,srdd_858
882,107,103,0,26/05/2012 17:47,True,10166,4254,01/01/2019 00:00,09/08/2020 10:22,srdd_859
883,179,221,0,06/07/2020 05:16,False,343,40,21/10/2020 18:14,21/10/2022 18:14,srdd_860
884,168,85,0,10/01/2021 06:56,True,2060,4840,22/08/2022 16:54,31/12/2023 00:00,srdd_861
885,309,318,0,13/01/2018 00:04,False,1215,2058,25/03/2019 23:39,24/03/2021 23:39,srdd_862
886,130,41,0,22/11/2019 00:12,False,2306,95,25/11/2019 16:05,24/11/2021 16:05,srdd_863
887,464,272,1,28/12/2017 04:22,True,2271,1801,28/11/2022 13:47,31/12/2023 00:00,srdd_864
888,139,198,0,09/04/2020 01:12,False,6,124,24/01/2020 18:55,23/01/2022 18:55,srdd_865
889,245,79,0,03/08/2017 16:23,True,2159,3935,01/01/2019 00:00,29/07/2020 02:10,srdd_866
890,2806,1199,0,19/07/2018 00:26,True,55616,27632,01/02/2019 16:00,31/01/2021 16:00,srdd_867
891,127,107,0,26/07/2019 13:14,False,1008,567,24/01/2020 01:23,23/01/2022 01:23,srdd_868
892,119,249,0,03/02/2019 23:24,False,214,407,29/11/2022 12:50,31/12/2023 00:00,srdd_869
893,1034,333,0,09/06/2017 03:43,True,2591,1797,11/06/2021 21:46,11/06/2023 21:46,srdd_870
894,109,255,0,11/04/2019 09:19,False,280,1498,20/01/2020 04:00,19/01/2022 04:00,srdd_871
895,811,258,0,14/10/2018 00:44,False,10571,17407,01/01/2019 00:00,24/02/2020 17:42,srdd_872
896,370,0,1,23/10/2019 22:42,False,1668,177,01/01/2019 00:00,23/10/2020 02:35,srdd_873
897,244,243,0,08/05/2019 21:52,True,917,86,05/02/2022 17:56,31/12/2023 00:00,srdd_874
898,579,452,0,30/09/2019 00:51,False,1844,4915,16/07/2019 10:35,15/07/2021 10:35,srdd_875
899,416,629,0,21/11/2016 01:08,False,2698,1620,01/01/2019 00:00,02/07/2020 22:31,srdd_876
900,2235,1268,0,27/02/2019 02:15,False,52012,9180,01/01/2019 00:00,18/05/2020 00:51,srdd_877
901,774,242,0,06/07/2017 15:11,False,3387,7359,03/08/2020 20:33,03/08/2022 20:33,srdd_878
902,528,364,0,25/01/2019 03:07,False,6861,355,01/01/2019 00:00,07/02/2020 02:09,srdd_879
904,388,310,0,17/11/2020 18:18,False,1117,1234,06/06/2021 03:09,06/06/2023 03:09,srdd_880
905,979,542,0,16/06/2017 04:09,False,4621,120,06/08/2022 13:43,31/12/2023 00:00,srdd_881
906,1814,1612,0,21/05/2018 18:28,False,11182,1267,01/01/2019 00:00,02/08/2020 06:07,srdd_882
907,1408,306,0,07/06/2017 04:07,False,4489,472,20/09/2022 16:09,31/12/2023 00:00,srdd_883
908,244,243,0,08/05/2019 21:52,True,917,86,30/04/2020 07:03,30/04/2022 07:03,srdd_884
909,1970,1341,1,30/09/2018 18:18,False,37295,2126,17/02/2019 08:55,16/02/2021 08:55,srdd_885
910,249,428,0,15/11/2021 01:44,False,198,1,07/12/2022 06:57,31/12/2023 00:00,srdd_886
911,501,276,0,12/09/2019 05:09,False,967,6145,20/03/2019 13:59,19/03/2021 13:59,srdd_887
912,168,163,0,14/11/2020 16:29,False,692,11,10/11/2019 21:44,09/11/2021 21:44,srdd_888
913,774,594,0,19/01/2020 11:01,False,10698,14412,30/07/2019 14:07,29/07/2021 14:07,srdd_889
914,161,93,0,02/11/2017 20:46,False,674,2651,01/01/2019 00:00,16/06/2020 00:39,srdd_890
915,114,65,0,11/01/2016 07:35,False,942,314,14/11/2019 02:47,13/11/2021 02:47,srdd_891
916,106,196,0,06/01/2020 02:21,False,76,828,18/05/2020 23:00,18/05/2022 23:00,srdd_892
917,599,252,0,28/07/2020 04:45,False,7536,1165,05/07/2022 02:31,31/12/2023 00:00,srdd_893
918,805,848,0,07/11/2019 23:37,False,2207,502,13/04/2021 01:00,13/04/2023 01:00,srdd_894
920,865,374,0,20/04/2017 18:18,False,8779,4568,01/01/2019 00:00,25/07/2020 18:52,srdd_895
921,278,208,0,22/01/2019 11:42,False,833,5506,09/08/2019 03:45,08/08/2021 03:45,srdd_896
922,1234,513,0,24/05/2018 11:46,False,15377,6528,16/03/2020 16:22,16/03/2022 16:22,srdd_897
923,135,133,0,22/01/2021 00:07,False,664,141,14/05/2021 09:18,14/05/2023 09:18,srdd_898
924,147,102,0,18/06/2021 19:10,False,923,3,14/12/2021 01:13,14/12/2023 01:13,srdd_899
925,253,78,0,04/12/2015 00:09,False,458,1218,18/12/2019 03:43,17/12/2021 03:43,srdd_900
928,162,229,0,11/06/2020 15:51,False,180,126,06/07/2020 02:20,06/07/2022 02:20,srdd_901
929,228,58,0,22/01/2020 10:10,False,1283,322,03/06/2022 02:41,31/12/2023 00:00,srdd_902
930,152,156,0,18/11/2021 07:42,False,1845,170,20/07/2022 23:26,31/12/2023 00:00,srdd_903
931,1083,1385,0,05/03/2020 23:22,False,13260,13055,28/10/2020 03:55,28/10/2022 03:55,srdd_904
932,764,1471,0,29/01/2019 01:26,False,2519,505,31/01/2019 04:46,30/01/2021 04:46,srdd_905
934,127,88,0,13/05/2019 19:50,False,589,1094,12/03/2019 15:50,11/03/2021 15:50,srdd_906
935,781,543,0,23/12/2020 07:34,False,969,2091,30/08/2021 12:51,30/08/2023 12:51,srdd_907
937,128,43,0,19/06/2016 09:08,False,11736,7644,01/01/2019 00:00,13/01/2020 08:03,srdd_908
938,615,509,0,16/09/2018 14:51,False,2744,4260,06/05/2021 23:38,06/05/2023 23:38,srdd_909
939,132,73,0,11/01/2017 23:59,False,642,762,04/02/2020 04:12,03/02/2022 04:12,srdd_910
940,258,269,0,27/11/2019 09:07,False,731,1184,31/08/2022 14:25,31/12/2023 00:00,srdd_911
941,690,1312,0,28/10/2018 21:27,False,11786,1718,01/01/2019 00:00,30/05/2020 09:45,srdd_912
942,604,149,0,20/01/2017 19:30,False,3604,26079,26/11/2020 15:18,26/11/2022 15:18,srdd_913
943,388,216,0,12/02/2019 18:19,True,2942,6427,26/01/2019 11:51,25/01/2021 11:51,srdd_914
944,1132,538,0,03/11/2019 03:16,False,8887,1315,01/12/2019 19:45,30/11/2021 19:45,srdd_915
946,229,148,0,20/04/2021 22:17,False,2273,3598,20/09/2021 14:51,20/09/2023 14:51,srdd_916
947,665,847,0,07/09/2020 08:25,False,613,923,13/09/2019 21:24,12/09/2021 21:24,srdd_917
948,138,32,0,24/02/2019 11:59,True,351,5483,23/05/2020 01:29,23/05/2022 01:29,srdd_918
949,380,365,0,27/02/2019 14:14,False,1601,674,17/02/2019 19:28,16/02/2021 19:28,srdd_919
950,120,135,0,29/04/2018 02:55,False,176,660,22/03/2020 21:39,22/03/2022 21:39,srdd_920
951,178,118,0,12/06/2018 04:13,False,2231,261,25/05/2021 03:13,25/05/2023 03:13,srdd_921
952,148,22,0,01/09/2020 17:23,False,916,1066,13/08/2022 20:02,31/12/2023 00:00,srdd_922
953,131,197,0,29/08/2019 23:52,False,291,295,31/01/2022 01:36,31/12/2023 00:00,srdd_923
954,553,524,0,02/06/2019 21:32,False,3310,1933,04/12/2019 07:28,03/12/2021 07:28,srdd_924
955,690,1312,0,28/10/2018 21:27,False,11786,1718,06/05/2022 13:57,31/12/2023 00:00,srdd_925
956,702,671,0,10/06/2020 01:32,False,6302,4442,18/02/2022 22:02,31/12/2023 00:00,srdd_926
957,1249,2240,0,08/10/2019 00:35,False,5184,8707,10/02/2020 00:24,09/02/2022 00:24,srdd_927
958,106,47,0,27/05/2021 17:46,False,124,69,23/05/2022 10:05,31/12/2023 00:00,srdd_928
959,206,126,0,15/12/2018 18:21,False,568,2036,01/01/2019 00:00,16/03/2020 04:41,srdd_929
961,208,203,0,16/06/2020 16:29,True,2793,8682,10/05/2021 10:52,10/05/2023 10:52,srdd_930
962,125,224,0,18/08/2020 13:08,False,181,413,04/07/2020 14:18,04/07/2022 14:18,srdd_931
963,232,73,1,26/07/2017 01:31,False,844,381,01/01/2019 00:00,20/11/2020 02:50,srdd_932
964,769,945,0,28/09/2019 12:01,False,7028,16106,22/01/2020 00:56,21/01/2022 00:56,srdd_933
968,217,431,0,25/10/2020 01:48,True,632,635,15/04/2021 03:17,15/04/2023 03:17,srdd_934
969,149,182,1,24/11/2017 15:55,False,486,1014,01/01/2019 00:00,07/11/2020 18:03,srdd_935
970,305,222,0,14/08/2020 09:46,False,1177,338,10/07/2019 05:54,09/07/2021 05:54,srdd_936
971,433,406,0,08/12/2020 10:02,False,916,1249,19/12/2019 09:24,18/12/2021 09:24,srdd_937
973,122,93,0,16/01/2020 18:11,False,357,571,13/07/2019 05:03,12/07/2021 05:03,srdd_938
974,805,848,0,07/11/2019 23:37,False,2207,502,01/01/2019 00:00,19/10/2020 22:11,srdd_939
975,182,14,0,18/10/2017 17:20,False,1300,697,28/08/2022 01:41,31/12/2023 00:00,srdd_940
977,1076,440,0,06/09/2015 19:36,True,9642,5369,01/01/2019 00:00,21/06/2020 08:50,srdd_941
978,174,93,0,23/02/2019 01:30,False,2545,179,29/12/2020 18:13,29/12/2022 18:13,srdd_942
979,473,52,0,02/02/2021 14:52,False,1657,2118,29/09/2021 02:41,29/09/2023 02:41,srdd_943
980,1814,1612,0,21/05/2018 18:28,False,11182,1267,20/07/2019 23:42,19/07/2021 23:42,srdd_944
981,1175,2015,0,05/09/2020 22:58,False,21176,7485,08/01/2021 03:00,08/01/2023 03:00,srdd_945
983,153,34,0,11/06/2020 01:48,False,262,34,16/02/2022 04:45,31/12/2023 00:00,srdd_946
984,110,216,0,05/07/2020 18:57,False,62,79,05/06/2020 14:44,05/06/2022 14:44,srdd_947
985,4906,1587,0,19/11/2018 14:57,True,35834,40812,01/01/2019 00:00,16/04/2020 02:48,srdd_948
987,1057,54,0,09/01/2018 15:18,False,8111,9849,01/01/2019 00:00,23/09/2020 18:07,srdd_949
988,304,37,0,05/03/2020 19:40,False,98,131,07/11/2019 03:14,06/11/2021 03:14,srdd_950
989,172,265,0,15/11/2019 04:26,False,300,18,11/08/2020 17:35,11/08/2022 17:35,srdd_951
990,432,373,0,05/11/2019 22:06,False,1101,794,24/09/2019 22:10,23/09/2021 22:10,srdd_952
991,148,96,0,10/09/2018 12:42,False,357,990,01/01/2019 00:00,12/07/2020 17:33,srdd_953
992,138,144,0,08/12/2020 12:09,False,501,831,14/02/2020 22:01,13/02/2022 22:01,srdd_954
993,146,28,0,12/05/2021 03:14,False,5495,5471,04/09/2022 11:15,31/12/2023 00:00,srdd_955
994,563,320,0,13/04/2021 00:05,False,7199,909,31/03/2021 21:08,31/03/2023 21:08,srdd_956
995,116,78,0,22/12/2018 23:23,False,350,321,01/08/2022 01:12,31/12/2023 00:00,srdd_957
996,200,162,0,12/11/2013 14:19,False,1549,1520,01/01/2019 00:00,20/05/2020 01:30,srdd_958
997,384,311,0,02/04/2019 15:01,False,2399,5890,01/01/2019 00:00,02/07/2020 05:16,srdd_959
998,414,69,0,21/02/2017 02:53,False,1676,1852,06/03/2022 17:49,31/12/2023 00:00,srdd_960
999,149,145,0,04/02/2020 17:14,False,318,341,27/02/2021 23:42,27/02/2023 23:42,srdd_961
1000,487,421,0,16/11/2019 22:24,False,6454,4330,27/01/2019 12:37,26/01/2021 12:37,srdd_962
1001,1463,54,1,12/04/2019 15:05,False,10493,2533,27/06/2022 07:50,31/12/2023 00:00,srdd_963
1002,1175,2015,0,05/09/2020 22:58,False,21176,7485,27/09/2021 03:15,27/09/2023 03:15,srdd_964
1003,113,79,0,18/05/2019 03:13,False,166,823,01/01/2019 00:00,08/11/2020 00:49,srdd_965
1004,184,102,0,11/04/2018 00:04,False,210,3247,01/01/2019 00:00,16/06/2020 07:38,srdd_966
1005,113,169,0,03/08/2020 02:50,False,119,522,19/12/2020 02:11,19/12/2022 02:11,srdd_967
1006,1352,609,0,03/02/2021 11:46,False,24468,9475,15/02/2020 05:47,14/02/2022 05:47,srdd_968
1007,232,232,0,19/06/2020 03:20,False,420,216,04/08/2020 05:54,04/08/2022 05:54,srdd_969
1008,109,255,0,11/04/2019 09:19,False,280,1498,01/04/2021 19:25,01/04/2023 19:25,srdd_970
1009,149,173,0,19/05/2019 11:47,False,159,951,01/01/2019 00:00,28/11/2020 22:26,srdd_971
1010,365,315,0,02/11/2018 13:40,True,1824,1913,27/03/2022 15:07,31/12/2023 00:00,srdd_972
1011,711,1380,0,23/02/2018 17:28,False,8629,12534,13/09/2019 23:38,12/09/2021 23:38,srdd_973
1012,114,49,0,21/02/2018 21:00,False,830,8650,16/01/2022 13:01,31/12/2023 00:00,srdd_974
1013,257,46,0,25/01/2019 06:14,False,2460,1294,10/09/2019 08:13,09/09/2021 08:13,srdd_975
1014,126,71,0,29/08/2018 00:10,False,408,1565,01/01/2019 00:00,04/09/2020 19:27,srdd_976
1015,149,133,0,18/05/2019 18:57,False,205,35,01/01/2019 00:00,26/06/2020 03:44,srdd_977
1016,383,957,0,18/01/2021 05:18,False,2312,5668,20/06/2022 19:08,31/12/2023 00:00,srdd_978
1017,164,51,0,04/06/2018 09:33,True,1305,2732,10/07/2020 19:20,10/07/2022 19:20,srdd_979
1018,1249,2240,0,08/10/2019 00:35,False,5184,8707,01/01/2019 00:00,21/12/2020 14:45,srdd_980
1019,139,147,0,04/06/2021 00:16,False,388,177,01/11/2021 22:11,01/11/2023 22:11,srdd_981
1020,186,37,0,01/01/2015 22:27,False,1152,3347,01/01/2019 00:00,12/05/2020 20:34,srdd_982
1021,469,35,0,28/07/2018 22:44,False,3799,1180,01/01/2019 00:00,05/12/2020 22:36,srdd_983
1022,1299,1103,0,23/08/2020 16:25,False,7916,40,26/05/2020 02:29,26/05/2022 02:29,srdd_984
1023,180,58,0,04/11/2021 14:02,False,293,424,19/06/2020 20:24,19/06/2022 20:24,srdd_985
1024,305,75,0,18/02/2020 06:50,False,2442,3568,21/04/2019 04:01,20/04/2021 04:01,srdd_986
1025,157,66,0,10/05/2016 06:23,False,3740,177,04/02/2019 05:49,03/02/2021 05:49,srdd_987
1026,207,72,0,30/10/2020 04:06,False,441,707,05/09/2021 21:55,05/09/2023 21:55,srdd_988
1027,538,58,0,05/09/2017 19:14,False,4466,1524,01/01/2019 00:00,28/01/2020 13:46,srdd_989
1028,139,34,0,20/09/2019 02:07,False,462,4076,01/01/2019 00:00,30/09/2020 10:29,srdd_990
1029,150,101,1,20/07/2019 16:11,False,151,7725,01/01/2019 00:00,29/08/2020 04:54,srdd_991
1030,177,44,0,15/09/2020 15:32,False,1147,1602,19/12/2019 16:25,18/12/2021 16:25,srdd_992
1032,668,1267,0,25/02/2019 03:35,False,2285,5130,01/01/2019 00:00,07/01/2020 10:36,srdd_993
1033,1083,1385,0,05/03/2020 23:22,False,13260,13055,16/11/2021 01:26,16/11/2023 01:26,srdd_994
1034,334,180,0,08/10/2016 17:01,True,1883,8,24/11/2019 12:46,23/11/2021 12:46,srdd_995
1035,358,166,0,12/07/2017 16:50,False,7644,2678,25/04/2020 01:52,25/04/2022 01:52,srdd_996
1036,135,29,0,12/06/2020 16:41,False,351,1692,30/10/2021 22:48,30/10/2023 22:48,srdd_997
1037,175,94,0,17/04/2019 19:59,False,1296,1363,07/02/2021 00:39,07/02/2023 00:39,srdd_998
1038,109,0,1,11/01/2015 17:50,False,210,415,01/01/2019 00:00,29/02/2020 01:02,srdd_999
1039,187,175,0,13/03/2019 23:18,False,350,2379,19/01/2019 22:29,18/01/2021 22:29,srdd_1000
1040,101,73,0,16/10/2018 19:15,False,365,5775,01/01/2019 00:00,19/02/2020 15:44,srdd_1001
1041,144,86,0,17/08/2016 14:36,False,266,13643,01/01/2019 00:00,18/08/2020 22:34,srdd_1002
1042,613,841,0,30/01/2021 08:22,False,3810,1281,01/07/2021 22:02,01/07/2023 22:02,srdd_1003
1043,270,16,0,16/12/2018 15:53,False,789,453,01/01/2019 00:00,14/01/2020 10:23,srdd_1004
1044,162,150,0,10/07/2018 00:25,False,911,255,13/04/2021 19:29,13/04/2023 19:29,srdd_1005
1045,280,143,1,26/04/2020 21:38,False,1632,218,01/08/2022 21:29,31/12/2023 00:00,srdd_1006
1046,1052,1380,0,24/04/2021 00:41,False,5906,1391,31/08/2021 15:36,31/08/2023 15:36,srdd_1007
1047,986,701,0,14/11/2019 18:39,False,6018,4193,02/04/2019 00:00,01/04/2021 00:00,srdd_1008
1048,711,1380,0,23/02/2018 17:28,False,8629,12534,16/06/2020 10:03,16/06/2022 10:03,srdd_1009
1049,730,54,0,08/11/2019 18:00,False,4295,3996,01/01/2019 00:00,08/09/2020 00:56,srdd_1010
1050,125,41,0,24/07/2018 08:50,False,527,1555,01/01/2019 00:00,13/06/2020 06:26,srdd_1011
1051,1914,1151,0,23/05/2019 14:15,False,31309,15817,28/07/2020 10:32,28/07/2022 10:32,srdd_1012
1052,677,238,0,04/08/2018 03:16,False,7577,667,01/01/2019 00:00,10/06/2020 22:21,srdd_1013
1053,1013,409,0,08/08/2018 04:38,False,11144,10233,01/01/2019 00:00,29/11/2020 22:47,srdd_1014
1054,567,180,0,10/03/2020 18:23,False,3129,663,27/04/2019 01:11,26/04/2021 01:11,srdd_1015
1055,268,140,1,05/02/2015 20:45,False,794,3618,12/12/2021 04:14,12/12/2023 04:14,srdd_1016
1056,821,599,0,10/03/2021 15:13,False,11564,2662,06/12/2022 01:05,31/12/2023 00:00,srdd_1017
1057,550,135,1,30/09/2018 17:05,False,5761,4924,01/01/2019 00:00,28/03/2020 20:22,srdd_1018
1058,1691,89,0,07/03/2017 04:55,False,36046,6582,01/01/2019 00:00,25/05/2020 19:59,srdd_1019
1059,126,64,0,01/04/2019 12:43,False,656,28093,01/01/2019 00:00,18/04/2020 07:54,srdd_1020
1060,1879,30,0,20/10/2019 16:36,False,17361,1803,01/01/2019 00:00,18/02/2020 04:07,srdd_1021
1061,725,38,0,08/06/2018 22:03,False,8087,1368,01/01/2019 00:00,01/12/2020 19:33,srdd_1022
1062,326,581,0,17/09/2020 20:28,False,830,923,10/09/2022 13:45,31/12/2023 00:00,srdd_1023
1063,497,41,0,24/05/2018 20:03,False,13179,21336,12/03/2019 23:22,11/03/2021 23:22,srdd_1024
1064,2346,1733,0,14/07/2019 12:31,False,36498,3179,16/01/2019 22:04,15/01/2021 22:04,srdd_1025
1065,443,354,0,04/01/2018 15:45,False,3477,4621,21/02/2019 20:15,20/02/2021 20:15,srdd_1026
